"Sample","gt","family","chrom","n","total","sex","prop"
"600_601a_grnson","AA","600","019211454.1",48,49,"Male",0.979591836734694
"600_601a_grnson","AA","600","019211455.1",32,32,"Male",1
"600_601a_grnson","AA","600","019211456.1",18,18,"Male",1
"600_601a_grnson","AA","600","019211457.1",33,33,"Male",1
"600_601a_grnson","AA","600","019211460.1",15,15,"Male",1
"600_601a_grnson","AB","600","019211454.1",1,49,"Male",0.0204081632653061
"57_58a_grndat","AA","57","019211457.1",10,13,"Female",0.769230769230769
"57_58a_grndat","AA","57","019211459.1",5,17,"Female",0.294117647058824
"57_58a_grndat","AB","57","019211454.1",8,8,"Female",1
"57_58a_grndat","AB","57","019211455.1",5,5,"Female",1
"57_58a_grndat","AB","57","019211457.1",3,13,"Female",0.230769230769231
"57_58a_grndat","AB","57","019211459.1",12,17,"Female",0.705882352941177
"57_58a_grndat","AB","57","019211460.1",1,1,"Female",1
"57_58b_grnson","AA","57","019211454.1",4,4,"Male",1
"57_58b_grnson","AA","57","019211457.1",6,6,"Male",1
"57_58b_grnson","AA","57","019211459.1",5,5,"Male",1
"57_58b_grnson","AA","57","019211460.1",1,1,"Male",1
"502_503a_grndat","AA","502","019211458.1",4,5,"Female",0.8
"502_503a_grndat","AB","502","019211457.1",3,3,"Female",1
"502_503a_grndat","AB","502","019211458.1",1,5,"Female",0.2
"502_503a_grndat","AB","502","019211460.1",1,1,"Female",1
"502_503b_grnson","AA","502","019211456.1",1,1,"Male",1
"502_503b_grnson","AA","502","019211457.1",2,2,"Male",1
"502_503b_grnson","AA","502","019211458.1",2,2,"Male",1
"502_503f_grndat","AA","502","019211455.1",1,1,"Female",1
"502_503f_grndat","AA","502","019211458.1",6,9,"Female",0.666666666666667
"502_503f_grndat","AB","502","019211456.1",1,1,"Female",1
"502_503f_grndat","AB","502","019211457.1",5,5,"Female",1
"502_503f_grndat","AB","502","019211458.1",3,9,"Female",0.333333333333333
"502_503f_grndat","AB","502","019211460.1",1,1,"Female",1
"46_47c_grndat","AB","46","019211455.1",1,1,"Female",1
"412_413a_grnson","AB","412","019211454.1",1,1,"Male",1
"338_339a_grndat","AA","338","019211454.1",32,49,"Female",0.653061224489796
"338_339a_grndat","AA","338","019211456.1",5,5,"Female",1
"338_339a_grndat","AA","338","019211457.1",2,5,"Female",0.4
"338_339a_grndat","AA","338","019211458.1",3,11,"Female",0.272727272727273
"338_339a_grndat","AA","338","019211459.1",15,131,"Female",0.114503816793893
"338_339a_grndat","AA","338","019211460.1",11,41,"Female",0.268292682926829
"338_339a_grndat","AB","338","019211454.1",17,49,"Female",0.346938775510204
"338_339a_grndat","AB","338","019211455.1",4,4,"Female",1
"338_339a_grndat","AB","338","019211457.1",3,5,"Female",0.6
"338_339a_grndat","AB","338","019211458.1",8,11,"Female",0.727272727272727
"338_339a_grndat","AB","338","019211459.1",116,131,"Female",0.885496183206107
"338_339a_grndat","AB","338","019211460.1",30,41,"Female",0.731707317073171
"338_339b_grnson","AA","338","019211454.1",19,19,"Male",1
"338_339b_grnson","AA","338","019211455.1",1,1,"Male",1
"338_339b_grnson","AA","338","019211456.1",1,1,"Male",1
"338_339b_grnson","AA","338","019211457.1",2,4,"Male",0.5
"338_339b_grnson","AA","338","019211458.1",3,3,"Male",1
"338_339b_grnson","AA","338","019211459.1",46,46,"Male",1
"338_339b_grnson","AA","338","019211460.1",15,15,"Male",1
"338_339b_grnson","AB","338","019211457.1",2,4,"Male",0.5
"476_477a_grndat","AA","476","019211454.1",19,40,"Female",0.475
"476_477a_grndat","AA","476","019211455.1",27,27,"Female",1
"476_477a_grndat","AA","476","019211456.1",3,16,"Female",0.1875
"476_477a_grndat","AA","476","019211457.1",3,8,"Female",0.375
"476_477a_grndat","AA","476","019211458.1",17,17,"Female",1
"476_477a_grndat","AA","476","019211460.1",91,97,"Female",0.938144329896907
"476_477a_grndat","AB","476","019211454.1",20,40,"Female",0.5
"476_477a_grndat","AB","476","019211456.1",13,16,"Female",0.8125
"476_477a_grndat","AB","476","019211457.1",5,8,"Female",0.625
"476_477a_grndat","AB","476","019211460.1",6,97,"Female",0.0618556701030928
"476_477a_grndat","BB","476","019211454.1",1,40,"Female",0.025
"476_477a_grndat","BB","476","019211459.1",1,1,"Female",1
"476_477b_grnson","AA","476","019211454.1",34,35,"Male",0.971428571428571
"476_477b_grnson","AA","476","019211455.1",30,30,"Male",1
"476_477b_grnson","AA","476","019211456.1",27,27,"Male",1
"476_477b_grnson","AA","476","019211457.1",11,11,"Male",1
"476_477b_grnson","AA","476","019211458.1",19,19,"Male",1
"476_477b_grnson","AA","476","019211459.1",1,2,"Male",0.5
"476_477b_grnson","AA","476","019211460.1",95,99,"Male",0.95959595959596
"476_477b_grnson","AB","476","019211454.1",1,35,"Male",0.0285714285714286
"476_477b_grnson","AB","476","019211459.1",1,2,"Male",0.5
"476_477b_grnson","AB","476","019211460.1",4,99,"Male",0.0404040404040404
"476_477c_grndat","AA","476","019211454.1",17,41,"Female",0.414634146341463
"476_477c_grndat","AA","476","019211455.1",30,30,"Female",1
"476_477c_grndat","AA","476","019211456.1",6,25,"Female",0.24
"476_477c_grndat","AA","476","019211457.1",5,11,"Female",0.454545454545455
"476_477c_grndat","AA","476","019211458.1",24,24,"Female",1
"476_477c_grndat","AA","476","019211460.1",93,100,"Female",0.93
"476_477c_grndat","AB","476","019211454.1",23,41,"Female",0.560975609756098
"476_477c_grndat","AB","476","019211456.1",19,25,"Female",0.76
"476_477c_grndat","AB","476","019211457.1",6,11,"Female",0.545454545454545
"476_477c_grndat","AB","476","019211459.1",1,1,"Female",1
"476_477c_grndat","AB","476","019211460.1",6,100,"Female",0.06
"476_477c_grndat","BB","476","019211454.1",1,41,"Female",0.024390243902439
"476_477c_grndat","BB","476","019211460.1",1,100,"Female",0.01
"476_477d_grndat","AA","476","019211454.1",16,35,"Female",0.457142857142857
"476_477d_grndat","AA","476","019211455.1",28,28,"Female",1
"476_477d_grndat","AA","476","019211456.1",4,23,"Female",0.173913043478261
"476_477d_grndat","AA","476","019211457.1",3,10,"Female",0.3
"476_477d_grndat","AA","476","019211458.1",18,18,"Female",1
"476_477d_grndat","AA","476","019211460.1",96,104,"Female",0.923076923076923
"476_477d_grndat","AB","476","019211454.1",19,35,"Female",0.542857142857143
"476_477d_grndat","AB","476","019211456.1",19,23,"Female",0.826086956521739
"476_477d_grndat","AB","476","019211457.1",7,10,"Female",0.7
"476_477d_grndat","AB","476","019211459.1",2,2,"Female",1
"476_477d_grndat","AB","476","019211460.1",8,104,"Female",0.0769230769230769
"322_323a_grndat","AB","322","019211456.1",1,1,"Female",1
"322_323b_grnson","AB","322","019211455.1",1,1,"Male",1
"322_323b_grnson","AB","322","019211456.1",1,1,"Male",1
"302_303b_grnson","AA","302","019211454.1",30,30,"Male",1
"302_303b_grnson","AA","302","019211455.1",87,88,"Male",0.988636363636364
"302_303b_grnson","AA","302","019211456.1",18,18,"Male",1
"302_303b_grnson","AA","302","019211457.1",18,18,"Male",1
"302_303b_grnson","AA","302","019211458.1",37,37,"Male",1
"302_303b_grnson","AB","302","019211455.1",1,88,"Male",0.0113636363636364
"110_111c_grnson","AA","110","019211454.1",11,11,"Male",1
"110_111c_grnson","AA","110","019211455.1",6,7,"Male",0.857142857142857
"110_111c_grnson","AA","110","019211456.1",3,3,"Male",1
"110_111c_grnson","AA","110","019211457.1",2,2,"Male",1
"110_111c_grnson","AA","110","019211460.1",1,1,"Male",1
"110_111c_grnson","AB","110","019211455.1",1,7,"Male",0.142857142857143
"110_111d_grndat","AA","110","019211454.1",10,10,"Female",1
"110_111d_grndat","AA","110","019211455.1",8,8,"Female",1
"110_111d_grndat","AA","110","019211456.1",3,3,"Female",1
"110_111d_grndat","AA","110","019211457.1",2,2,"Female",1
"110_111d_grndat","AB","110","019211460.1",1,1,"Female",1
"596_597a_grnson","AA","596","019211454.1",3,3,"Male",1
"596_597a_grnson","AA","596","019211455.1",6,6,"Male",1
"596_597a_grnson","AA","596","019211456.1",5,5,"Male",1
"596_597a_grnson","AA","596","019211457.1",6,6,"Male",1
"596_597a_grnson","AA","596","019211458.1",2,2,"Male",1
"596_597a_grnson","AA","596","019211459.1",6,6,"Male",1
"596_597a_grnson","AA","596","019211460.1",4,4,"Male",1
"240_241a_grndat","AA","240","019211454.1",1,1,"Female",1
"240_241b_grndat","AA","240","019211454.1",1,1,"Female",1
"240_241b_grndat","AB","240","019211455.1",1,1,"Female",1
"187_188a_grnson","AA","187","019211454.1",1,1,"Male",1
"187_188a_grnson","AA","187","019211456.1",2,2,"Male",1
"300_301a_grnson","AA","300","019211454.1",2,2,"Male",1
"300_301a_grnson","AA","300","019211457.1",2,2,"Male",1
"300_301a_grnson","AA","300","019211459.1",1,1,"Male",1
"177_178a_grndat","AA","177","019211455.1",3,12,"Female",0.25
"177_178a_grndat","AA","177","019211456.1",1,3,"Female",0.333333333333333
"177_178a_grndat","AA","177","019211457.1",1,1,"Female",1
"177_178a_grndat","AA","177","019211460.1",2,5,"Female",0.4
"177_178a_grndat","AB","177","019211454.1",6,6,"Female",1
"177_178a_grndat","AB","177","019211455.1",8,12,"Female",0.666666666666667
"177_178a_grndat","AB","177","019211456.1",2,3,"Female",0.666666666666667
"177_178a_grndat","AB","177","019211460.1",3,5,"Female",0.6
"177_178a_grndat","BB","177","019211455.1",1,12,"Female",0.0833333333333333
"177_178b_grnson","AA","177","019211454.1",7,7,"Male",1
"177_178b_grnson","AA","177","019211455.1",4,4,"Male",1
"177_178b_grnson","AA","177","019211456.1",5,5,"Male",1
"177_178b_grnson","AA","177","019211460.1",5,5,"Male",1
"133_134a_grnson","AA","133","019211454.1",71,71,"Male",1
"133_134a_grnson","AA","133","019211455.1",42,42,"Male",1
"133_134a_grnson","AA","133","019211456.1",18,18,"Male",1
"133_134a_grnson","AA","133","019211458.1",47,47,"Male",1
"133_134a_grnson","AA","133","019211459.1",55,55,"Male",1
"133_134a_grnson","AA","133","019211460.1",19,20,"Male",0.95
"133_134a_grnson","AB","133","019211460.1",1,20,"Male",0.05
"284_285a_grnson","AA","284","019211454.1",104,104,"Male",1
"284_285a_grnson","AA","284","019211455.1",161,163,"Male",0.987730061349693
"284_285a_grnson","AA","284","019211456.1",98,98,"Male",1
"284_285a_grnson","AA","284","019211457.1",47,47,"Male",1
"284_285a_grnson","AA","284","019211459.1",139,139,"Male",1
"284_285a_grnson","AA","284","019211460.1",122,122,"Male",1
"284_285a_grnson","AB","284","019211455.1",2,163,"Male",0.0122699386503067
"284_285b_grndat","AA","284","019211454.1",127,174,"Female",0.729885057471264
"284_285b_grndat","AA","284","019211455.1",14,253,"Female",0.0553359683794466
"284_285b_grndat","AA","284","019211456.1",134,134,"Female",1
"284_285b_grndat","AA","284","019211457.1",10,82,"Female",0.121951219512195
"284_285b_grndat","AA","284","019211459.1",24,241,"Female",0.0995850622406639
"284_285b_grndat","AA","284","019211460.1",117,185,"Female",0.632432432432432
"284_285b_grndat","AB","284","019211454.1",47,174,"Female",0.270114942528736
"284_285b_grndat","AB","284","019211455.1",239,253,"Female",0.944664031620553
"284_285b_grndat","AB","284","019211457.1",71,82,"Female",0.865853658536585
"284_285b_grndat","AB","284","019211459.1",217,241,"Female",0.900414937759336
"284_285b_grndat","AB","284","019211460.1",68,185,"Female",0.367567567567568
"284_285b_grndat","BB","284","019211457.1",1,82,"Female",0.0121951219512195
"400_401a_grnson","AA","400","019211455.1",1,1,"Male",1
"400_401a_grnson","AA","400","019211456.1",1,1,"Male",1
"400_401a_grnson","AB","400","019211457.1",1,1,"Male",1
"400_401a_grnson","AB","400","019211458.1",1,1,"Male",1
"478_479-1a_grnson","AA","478","019211454.1",42,43,"Male",0.976744186046512
"478_479-1a_grnson","AA","478","019211456.1",3,3,"Male",1
"478_479-1a_grnson","AA","478","019211458.1",5,5,"Male",1
"478_479-1a_grnson","AB","478","019211454.1",1,43,"Male",0.0232558139534884
"478_479-1b_grndat","AA","478","019211458.1",2,3,"Female",0.666666666666667
"478_479-1b_grndat","AB","478","019211454.1",24,24,"Female",1
"478_479-1b_grndat","AB","478","019211458.1",1,3,"Female",0.333333333333333
"266_267b_grndat","AA","266","019211460.1",1,1,"Female",1
"43_44a_grndat","AA","43","019211454.1",2,2,"Female",1
"43_44a_grndat","AA","43","019211455.1",2,4,"Female",0.5
"43_44a_grndat","AA","43","019211456.1",3,3,"Female",1
"43_44a_grndat","AA","43","019211457.1",1,2,"Female",0.5
"43_44a_grndat","AA","43","019211459.1",5,5,"Female",1
"43_44a_grndat","AA","43","019211460.1",1,3,"Female",0.333333333333333
"43_44a_grndat","AB","43","019211455.1",2,4,"Female",0.5
"43_44a_grndat","AB","43","019211457.1",1,2,"Female",0.5
"43_44a_grndat","AB","43","019211460.1",2,3,"Female",0.666666666666667
"43_44b_grnson","AA","43","019211454.1",2,2,"Male",1
"43_44b_grnson","AA","43","019211455.1",3,3,"Male",1
"43_44b_grnson","AA","43","019211456.1",3,3,"Male",1
"43_44b_grnson","AA","43","019211457.1",1,1,"Male",1
"43_44b_grnson","AA","43","019211459.1",3,3,"Male",1
"43_44b_grnson","AA","43","019211460.1",1,1,"Male",1
"564_565-1b_grnson","AA","564","019211454.1",4,4,"Male",1
"564_565-1b_grnson","AA","564","019211455.1",6,6,"Male",1
"564_565-1b_grnson","AA","564","019211456.1",11,11,"Male",1
"564_565-1b_grnson","AA","564","019211458.1",21,21,"Male",1
"564_565-1b_grnson","AA","564","019211459.1",2,2,"Male",1
"564_565-1b_grnson","AA","564","019211460.1",11,11,"Male",1
"458_459a_grnson","AA","458","019211454.1",1,1,"Male",1
"458_459a_grnson","AA","458","019211455.1",1,1,"Male",1
"458_459a_grnson","AA","458","019211456.1",1,1,"Male",1
"458_459a_grnson","AA","458","019211457.1",2,2,"Male",1
"458_459a_grnson","AA","458","019211458.1",6,6,"Male",1
"498_499a_grnson","AA","498","019211454.1",5,5,"Male",1
"498_499a_grnson","AA","498","019211455.1",2,2,"Male",1
"498_499a_grnson","AA","498","019211456.1",3,3,"Male",1
"498_499a_grnson","AA","498","019211457.1",6,6,"Male",1
"498_499a_grnson","AA","498","019211458.1",6,6,"Male",1
"498_499a_grnson","AA","498","019211459.1",4,4,"Male",1
"498_499a_grnson","AA","498","019211460.1",7,7,"Male",1
"498_499b_grndat","AA","498","019211454.1",1,4,"Female",0.25
"498_499b_grndat","AA","498","019211455.1",1,1,"Female",1
"498_499b_grndat","AA","498","019211459.1",3,3,"Female",1
"498_499b_grndat","AB","498","019211454.1",3,4,"Female",0.75
"498_499b_grndat","AB","498","019211456.1",1,1,"Female",1
"498_499b_grndat","AB","498","019211457.1",1,1,"Female",1
"498_499b_grndat","AB","498","019211458.1",1,1,"Female",1
"498_499b_grndat","AB","498","019211460.1",2,2,"Female",1
"498_499c_grndat","AA","498","019211454.1",3,8,"Female",0.375
"498_499c_grndat","AA","498","019211455.1",1,2,"Female",0.5
"498_499c_grndat","AA","498","019211457.1",2,5,"Female",0.4
"498_499c_grndat","AA","498","019211459.1",2,2,"Female",1
"498_499c_grndat","AA","498","019211460.1",1,8,"Female",0.125
"498_499c_grndat","AB","498","019211454.1",5,8,"Female",0.625
"498_499c_grndat","AB","498","019211455.1",1,2,"Female",0.5
"498_499c_grndat","AB","498","019211456.1",3,3,"Female",1
"498_499c_grndat","AB","498","019211457.1",3,5,"Female",0.6
"498_499c_grndat","AB","498","019211458.1",3,3,"Female",1
"498_499c_grndat","AB","498","019211460.1",7,8,"Female",0.875
"426_427a_grndat","AA","426","019211454.1",8,15,"Female",0.533333333333333
"426_427a_grndat","AA","426","019211457.1",1,5,"Female",0.2
"426_427a_grndat","AA","426","019211459.1",2,2,"Female",1
"426_427a_grndat","AA","426","019211460.1",4,10,"Female",0.4
"426_427a_grndat","AB","426","019211454.1",7,15,"Female",0.466666666666667
"426_427a_grndat","AB","426","019211455.1",1,1,"Female",1
"426_427a_grndat","AB","426","019211457.1",4,5,"Female",0.8
"426_427a_grndat","AB","426","019211460.1",6,10,"Female",0.6
"426_427b_grnson","AA","426","019211454.1",6,6,"Male",1
"426_427b_grnson","AA","426","019211457.1",3,3,"Male",1
"426_427b_grnson","AA","426","019211459.1",2,2,"Male",1
"426_427b_grnson","AA","426","019211460.1",5,5,"Male",1
"534_535_2a_grndat","AA","534","019211454.1",51,110,"Female",0.463636363636364
"534_535_2a_grndat","AA","534","019211455.1",10,74,"Female",0.135135135135135
"534_535_2a_grndat","AA","534","019211456.1",8,9,"Female",0.888888888888889
"534_535_2a_grndat","AA","534","019211457.1",66,81,"Female",0.814814814814815
"534_535_2a_grndat","AA","534","019211458.1",16,55,"Female",0.290909090909091
"534_535_2a_grndat","AA","534","019211459.1",32,57,"Female",0.56140350877193
"534_535_2a_grndat","AA","534","019211460.1",68,93,"Female",0.731182795698925
"534_535_2a_grndat","AB","534","019211454.1",59,110,"Female",0.536363636363636
"534_535_2a_grndat","AB","534","019211455.1",64,74,"Female",0.864864864864865
"534_535_2a_grndat","AB","534","019211456.1",1,9,"Female",0.111111111111111
"534_535_2a_grndat","AB","534","019211457.1",15,81,"Female",0.185185185185185
"534_535_2a_grndat","AB","534","019211458.1",39,55,"Female",0.709090909090909
"534_535_2a_grndat","AB","534","019211459.1",25,57,"Female",0.43859649122807
"534_535_2a_grndat","AB","534","019211460.1",25,93,"Female",0.268817204301075
"534_535_2c_grnson","AA","534","019211454.1",82,82,"Male",1
"534_535_2c_grnson","AA","534","019211455.1",59,59,"Male",1
"534_535_2c_grnson","AA","534","019211456.1",6,7,"Male",0.857142857142857
"534_535_2c_grnson","AA","534","019211457.1",67,67,"Male",1
"534_535_2c_grnson","AA","534","019211458.1",49,49,"Male",1
"534_535_2c_grnson","AA","534","019211459.1",57,57,"Male",1
"534_535_2c_grnson","AA","534","019211460.1",63,63,"Male",1
"534_535_2c_grnson","AB","534","019211456.1",1,7,"Male",0.142857142857143
