"family","site","chrom","pos","Sample","QAF","VAF","GT","member","member_num"
534,"NW_019211454.1_10145586","NW_019211454",10145586,"534_535_2_dat",0,0,"AA","mother",3
534,"NW_019211454.1_10145586","NW_019211454",10145586,"534_535_2c_grnson",0,0,"AA","son",4
534,"NW_019211454.1_10145586","NW_019211454",10145586,"534_534a_son",0.549695740365112,0.473684210526316,"AB","father",2
534,"NW_019211454.1_10145586","NW_019211454",10145586,"534_534_fnd",0.514834205933682,0.473684210526316,"AB","grandmother",1
534,"NW_019211454.1_10145586","NW_019211454",10145586,"534_535_2a_grndat",0.549497847919656,0.5,"AB","daughter",5
534,"NW_019211454.1_11852518","NW_019211454",11852518,"534_535_2_dat",0,0,"AA","mother",3
534,"NW_019211454.1_11852518","NW_019211454",11852518,"534_535_2c_grnson",0,0,"AA","son",4
534,"NW_019211454.1_11852518","NW_019211454",11852518,"534_534a_son",0.586455331412104,0.523809523809524,"AB","father",2
534,"NW_019211454.1_11852518","NW_019211454",11852518,"534_534_fnd",0.482871125611745,0.444444444444444,"AB","grandmother",1
534,"NW_019211454.1_11852518","NW_019211454",11852518,"534_535_2a_grndat",0.474066390041494,0.481481481481481,"AB","daughter",5
534,"NW_019211454.1_17320038","NW_019211454",17320038,"534_535_2_dat",0,0,"AA","mother",3
534,"NW_019211454.1_17320038","NW_019211454",17320038,"534_535_2c_grnson",0,0,"AA","son",4
534,"NW_019211454.1_17320038","NW_019211454",17320038,"534_534a_son",0.464544138929088,0.473684210526316,"AB","father",2
534,"NW_019211454.1_17320038","NW_019211454",17320038,"534_534_fnd",0.578947368421053,0.578947368421053,"AB","grandmother",1
534,"NW_019211454.1_17320038","NW_019211454",17320038,"534_535_2a_grndat",0.506476683937824,0.5,"AB","daughter",5
534,"NW_019211454.1_35549342","NW_019211454",35549342,"534_535_2_dat",0,0,"AA","mother",3
534,"NW_019211454.1_35549342","NW_019211454",35549342,"534_535_2c_grnson",0,0,"AA","son",4
534,"NW_019211454.1_35549342","NW_019211454",35549342,"534_534a_son",0.411111111111111,0.409090909090909,"AB","father",2
534,"NW_019211454.1_35549342","NW_019211454",35549342,"534_534_fnd",0.494475138121547,0.5,"AB","grandmother",1
534,"NW_019211454.1_35549342","NW_019211454",35549342,"534_535_2a_grndat",0,0,"AA","daughter",5
534,"NW_019211454.1_35565939","NW_019211454",35565939,"534_535_2_dat",0,0,"AA","mother",3
534,"NW_019211454.1_35565939","NW_019211454",35565939,"534_535_2c_grnson",0,0,"AA","son",4
534,"NW_019211454.1_35565939","NW_019211454",35565939,"534_534a_son",0.433187772925764,0.4375,"AB","father",2
534,"NW_019211454.1_35565939","NW_019211454",35565939,"534_534_fnd",0.433029908972692,0.428571428571429,"AB","grandmother",1
534,"NW_019211454.1_35565939","NW_019211454",35565939,"534_535_2a_grndat",0,0,"AA","daughter",5
534,"NW_019211454.1_35599784","NW_019211454",35599784,"534_535_2_dat",0,0,"AA","mother",3
534,"NW_019211454.1_35599784","NW_019211454",35599784,"534_535_2c_grnson",0,0,"AA","son",4
534,"NW_019211454.1_35599784","NW_019211454",35599784,"534_534a_son",0.519480519480519,0.529411764705882,"AB","father",2
534,"NW_019211454.1_35599784","NW_019211454",35599784,"534_534_fnd",0.484810126582278,0.5,"AB","grandmother",1
534,"NW_019211454.1_35599784","NW_019211454",35599784,"534_535_2a_grndat",0,0,"AA","daughter",5
534,"NW_019211454.1_38860755","NW_019211454",38860755,"534_535_2_dat",0,0,"AA","mother",3
534,"NW_019211454.1_38860755","NW_019211454",38860755,"534_535_2c_grnson",0,0,"AA","son",4
534,"NW_019211454.1_38860755","NW_019211454",38860755,"534_534a_son",0.5,0.5,"AB","father",2
534,"NW_019211454.1_38860755","NW_019211454",38860755,"534_534_fnd",0.588235294117647,0.588235294117647,"AB","grandmother",1
534,"NW_019211454.1_38860755","NW_019211454",38860755,"534_535_2a_grndat",0,0,"AA","daughter",5
534,"NW_019211454.1_38893171","NW_019211454",38893171,"534_535_2_dat",0,0,"AA","mother",3
534,"NW_019211454.1_38893171","NW_019211454",38893171,"534_535_2c_grnson",0,0,"AA","son",4
534,"NW_019211454.1_38893171","NW_019211454",38893171,"534_534a_son",0.443370165745856,0.428571428571429,"AB","father",2
534,"NW_019211454.1_38893171","NW_019211454",38893171,"534_534_fnd",0.565502183406114,0.56,"AB","grandmother",1
534,"NW_019211454.1_38893171","NW_019211454",38893171,"534_535_2a_grndat",0,0,"AA","daughter",5
534,"NW_019211454.1_39026043","NW_019211454",39026043,"534_535_2_dat",0,0,"AA","mother",3
534,"NW_019211454.1_39026043","NW_019211454",39026043,"534_535_2c_grnson",0,0,"AA","son",4
534,"NW_019211454.1_39026043","NW_019211454",39026043,"534_534a_son",0.507481296758105,0.5,"AB","father",2
534,"NW_019211454.1_39026043","NW_019211454",39026043,"534_534_fnd",0.5375,0.555555555555556,"AB","grandmother",1
534,"NW_019211454.1_39026043","NW_019211454",39026043,"534_535_2a_grndat",0,0,"AA","daughter",5
534,"NW_019211454.1_39040880","NW_019211454",39040880,"534_535_2_dat",0,0,"AA","mother",3
534,"NW_019211454.1_39040880","NW_019211454",39040880,"534_535_2c_grnson",0,0,"AA","son",4
534,"NW_019211454.1_39040880","NW_019211454",39040880,"534_534a_son",0.445017182130584,0.411764705882353,"AB","father",2
534,"NW_019211454.1_39040880","NW_019211454",39040880,"534_534_fnd",0.449652777777778,0.4375,"AB","grandmother",1
534,"NW_019211454.1_39040880","NW_019211454",39040880,"534_535_2a_grndat",0,0,"AA","daughter",5
534,"NW_019211454.1_39154892","NW_019211454",39154892,"534_535_2_dat",0,0,"AA","mother",3
534,"NW_019211454.1_39154892","NW_019211454",39154892,"534_535_2c_grnson",0,0,"AA","son",4
534,"NW_019211454.1_39154892","NW_019211454",39154892,"534_534a_son",0.508840864440079,0.5,"AB","father",2
534,"NW_019211454.1_39154892","NW_019211454",39154892,"534_534_fnd",0.413654618473896,0.409090909090909,"AB","grandmother",1
534,"NW_019211454.1_39154892","NW_019211454",39154892,"534_535_2a_grndat",0,0,"AA","daughter",5
534,"NW_019211454.1_42007255","NW_019211454",42007255,"534_535_2_dat",0,0,"AA","mother",3
534,"NW_019211454.1_42007255","NW_019211454",42007255,"534_535_2c_grnson",0,0,"AA","son",4
534,"NW_019211454.1_42007255","NW_019211454",42007255,"534_534a_son",0.479861910241657,0.5,"AB","father",2
534,"NW_019211454.1_42007255","NW_019211454",42007255,"534_534_fnd",0.578947368421053,0.578947368421053,"AB","grandmother",1
534,"NW_019211454.1_42007255","NW_019211454",42007255,"534_535_2a_grndat",0,0,"AA","daughter",5
534,"NW_019211454.1_42133519","NW_019211454",42133519,"534_535_2_dat",0,0,"AA","mother",3
534,"NW_019211454.1_42133519","NW_019211454",42133519,"534_535_2c_grnson",0,0,"AA","son",4
534,"NW_019211454.1_42133519","NW_019211454",42133519,"534_534a_son",0.550287356321839,0.55,"AB","father",2
534,"NW_019211454.1_42133519","NW_019211454",42133519,"534_534_fnd",0.427745664739884,0.424242424242424,"AB","grandmother",1
534,"NW_019211454.1_42133519","NW_019211454",42133519,"534_535_2a_grndat",0,0,"AA","daughter",5
534,"NW_019211454.1_60886131","NW_019211454",60886131,"534_535_2_dat",0,0,"AA","mother",3
534,"NW_019211454.1_60886131","NW_019211454",60886131,"534_535_2c_grnson",0,0,"AA","son",4
534,"NW_019211454.1_60886131","NW_019211454",60886131,"534_534a_son",0.41371158392435,0.416666666666667,"AB","father",2
534,"NW_019211454.1_60886131","NW_019211454",60886131,"534_534_fnd",0.450913242009132,0.458333333333333,"AB","grandmother",1
534,"NW_019211454.1_60886131","NW_019211454",60886131,"534_535_2a_grndat",0.590996168582375,0.548387096774194,"AB","daughter",5
