"site","Chrom","pos","Sample","het","generation","sex","family","ref","alt","chrom","QAF","VAF","GT","DP","member","member_num","cross_direction"
"NW_019211454.1_12549490","NW_019211454",12549490,"57_58a_grndat",TRUE,"F2","female",57,18,10,1,0.359223300970874,0.357142857142857,"AB",28,"daughter",5,"F1_female_AA_F1_male_BB"
"NW_019211454.1_22196519","NW_019211454",22196519,"284_285b_grndat",FALSE,"F2","female",284,18,0,1,0,0,"AA",18,"daughter",5,"F1_female_AA_F1_male_BB"
"NW_019211454.1_23001760","NW_019211454",23001760,"110_111d_grndat",FALSE,"F2","female",110,26,0,1,0,0,"AA",26,"daughter",5,"F1_female_AA_F1_male_BB"
"NW_019211454.1_23156641","NW_019211454",23156641,"110_111d_grndat",FALSE,"F2","female",110,25,0,1,0,0,"AA",25,"daughter",5,"F1_female_AA_F1_male_BB"
"NW_019211454.1_23576048","NW_019211454",23576048,"478_479-1b_grndat",TRUE,"F2","female",478,2,6,1,0.649289099526066,0.375,"AB",16,"daughter",5,"F1_female_AA_F1_male_BB"
"NW_019211454.1_23919320","NW_019211454",23919320,"476_477a_grndat",TRUE,"F2","female",476,4,12,1,0.738515901060071,0.75,"AB",16,"daughter",5,"F1_female_AA_F1_male_BB"
"NW_019211454.1_23919320","NW_019211454",23919320,"476_477c_grndat",FALSE,"F2","female",476,0,24,1,1,1,"BB",24,"daughter",5,"F1_female_AA_F1_male_BB"
"NW_019211454.1_23919320","NW_019211454",23919320,"476_477d_grndat",FALSE,"F2","female",476,0,32,1,1,1,"BB",32,"daughter",5,"F1_female_AA_F1_male_BB"
"NW_019211454.1_24135622","NW_019211454",24135622,"110_111d_grndat",FALSE,"F2","female",110,27,0,1,0,0,"AA",27,"daughter",5,"F1_female_AA_F1_male_BB"
"NW_019211454.1_28178077","NW_019211454",28178077,"43_44a_grndat",FALSE,"F2","female",43,24,0,1,0,0,"AA",25,"daughter",5,"F1_female_AA_F1_male_BB"
"NW_019211454.1_36874651","NW_019211454",36874651,"426_427a_grndat",FALSE,"F2","female",426,26,0,1,0,0,"AA",26,"daughter",5,"F1_female_AA_F1_male_BB"
"NW_019211454.1_36883601","NW_019211454",36883601,"426_427a_grndat",FALSE,"F2","female",426,35,1,1,0.028158295281583,0.0277777777777778,"AA",36,"daughter",5,"F1_female_AA_F1_male_BB"
"NW_019211454.1_37047621","NW_019211454",37047621,"110_111d_grndat",FALSE,"F2","female",110,25,0,1,0,0,"AA",25,"daughter",5,"F1_female_AA_F1_male_BB"
"NW_019211454.1_38598589","NW_019211454",38598589,"110_111d_grndat",FALSE,"F2","female",110,20,0,1,0,0,"AA",20,"daughter",5,"F1_female_AA_F1_male_BB"
"NW_019211454.1_38653750","NW_019211454",38653750,"43_44a_grndat",FALSE,"F2","female",43,23,0,1,0,0,"AA",23,"daughter",5,"F1_female_AA_F1_male_BB"
"NW_019211454.1_38694566","NW_019211454",38694566,"426_427a_grndat",FALSE,"F2","female",426,26,1,1,0.0268240343347639,0.0357142857142857,"AA",28,"daughter",5,"F1_female_AA_F1_male_BB"
"NW_019211454.1_38731284","NW_019211454",38731284,"43_44a_grndat",FALSE,"F2","female",43,18,0,1,0,0,"AA",18,"daughter",5,"F1_female_AA_F1_male_BB"
"NW_019211454.1_38733516","NW_019211454",38733516,"284_285b_grndat",FALSE,"F2","female",284,0,21,1,1,1,"BB",21,"daughter",5,"F1_female_AA_F1_male_BB"
"NW_019211454.1_38733565","NW_019211454",38733565,"284_285b_grndat",FALSE,"F2","female",284,0,21,1,1,1,"BB",21,"daughter",5,"F1_female_AA_F1_male_BB"
"NW_019211454.1_38763046","NW_019211454",38763046,"426_427a_grndat",FALSE,"F2","female",426,26,0,1,0,0,"AA",27,"daughter",5,"F1_female_AA_F1_male_BB"
"NW_019211454.1_39810900","NW_019211454",39810900,"110_111d_grndat",FALSE,"F2","female",110,30,0,1,0,0,"AA",30,"daughter",5,"F1_female_AA_F1_male_BB"
"NW_019211454.1_40316741","NW_019211454",40316741,"284_285b_grndat",FALSE,"F2","female",284,1,21,1,0.959849435382685,0.954545454545455,"BB",22,"daughter",5,"F1_female_AA_F1_male_BB"
"NW_019211454.1_40522190","NW_019211454",40522190,"284_285b_grndat",FALSE,"F2","female",284,0,24,1,1,1,"BB",24,"daughter",5,"F1_female_AA_F1_male_BB"
"NW_019211454.1_41017120","NW_019211454",41017120,"498_499c_grndat",TRUE,"F2","female",498,10,9,1,0.465116279069767,0.473684210526316,"AB",19,"daughter",5,"F1_female_AA_F1_male_BB"
"NW_019211454.1_41151653","NW_019211454",41151653,"498_499c_grndat",FALSE,"F2","female",498,37,1,1,0.00827067669172932,0.0263157894736842,"AA",38,"daughter",5,"F1_female_AA_F1_male_BB"
"NW_019211454.1_41910989","NW_019211454",41910989,"498_499c_grndat",FALSE,"F2","female",498,23,0,1,0,0,"AA",23,"daughter",5,"F1_female_AA_F1_male_BB"
"NW_019211454.1_44091042","NW_019211454",44091042,"498_499b_grndat",FALSE,"F2","female",498,17,0,1,0,0,"AA",17,"daughter",5,"F1_female_AA_F1_male_BB"
"NW_019211454.1_44201508","NW_019211454",44201508,"426_427a_grndat",FALSE,"F2","female",426,32,0,1,0,0,"AA",36,"daughter",5,"F1_female_AA_F1_male_BB"
"NW_019211454.1_61877020","NW_019211454",61877020,"43_44a_grndat",TRUE,"F2","female",43,2,1,1,0.349056603773585,0.0384615384615385,"AB",26,"daughter",5,"F1_female_AA_F1_male_BB"
"NW_019211454.1_69767176","NW_019211454",69767176,"110_111d_grndat",TRUE,"F2","female",110,3,19,1,0.861596009975062,0.863636363636364,"AB",22,"daughter",5,"F1_female_AA_F1_male_BB"
"NW_019211454.1_72789502","NW_019211454",72789502,"57_58a_grndat",FALSE,"F2","female",57,16,7,1,0.141122913505311,0.28,"AA",25,"daughter",5,"F1_female_AA_F1_male_BB"
"NW_019211454.1_72789511","NW_019211454",72789511,"57_58a_grndat",FALSE,"F2","female",57,11,3,1,0.0839160839160839,0.142857142857143,"AA",21,"daughter",5,"F1_female_AA_F1_male_BB"
"NW_019211455.1_7556273","NW_019211455",7556273,"110_111d_grndat",FALSE,"F2","female",110,17,0,2,0,0,"AA",17,"daughter",5,"F1_female_AA_F1_male_BB"
"NW_019211455.1_11037175","NW_019211455",11037175,"43_44a_grndat",FALSE,"F2","female",43,17,0,2,0,0,"AA",17,"daughter",5,"F1_female_AA_F1_male_BB"
"NW_019211455.1_25077562","NW_019211455",25077562,"110_111d_grndat",FALSE,"F2","female",110,25,0,2,0,0,"AA",25,"daughter",5,"F1_female_AA_F1_male_BB"
"NW_019211455.1_25440101","NW_019211455",25440101,"478_479-1b_grndat",TRUE,"F2","female",478,7,6,2,0.43695652173913,0.285714285714286,"AB",21,"daughter",5,"F1_female_AA_F1_male_BB"
"NW_019211455.1_27830604","NW_019211455",27830604,"284_285b_grndat",FALSE,"F2","female",284,0,30,2,1,1,"BB",30,"daughter",5,"F1_female_AA_F1_male_BB"
"NW_019211455.1_27889575","NW_019211455",27889575,"284_285b_grndat",FALSE,"F2","female",284,0,26,2,1,0.962962962962963,"BB",27,"daughter",5,"F1_female_AA_F1_male_BB"
"NW_019211455.1_27973218","NW_019211455",27973218,"498_499b_grndat",TRUE,"F2","female",498,6,10,2,0.669077757685353,0.625,"AB",16,"daughter",5,"F1_female_AA_F1_male_BB"
"NW_019211455.1_27973218","NW_019211455",27973218,"498_499c_grndat",TRUE,"F2","female",498,9,18,2,0.666666666666667,0.666666666666667,"AB",27,"daughter",5,"F1_female_AA_F1_male_BB"
"NW_019211455.1_30521322","NW_019211455",30521322,"284_285b_grndat",TRUE,"F2","female",284,17,12,2,0.409356725146199,0.413793103448276,"AB",29,"daughter",5,"F1_female_AA_F1_male_BB"
"NW_019211455.1_53263340","NW_019211455",53263340,"498_499c_grndat",FALSE,"F2","female",498,19,0,2,0,0,"AA",19,"daughter",5,"F1_female_AA_F1_male_BB"
"NW_019211455.1_55644096","NW_019211455",55644096,"322_323a_grndat",TRUE,"F2","female",322,6,5,2,0.444444444444444,0.128205128205128,"AB",39,"daughter",5,"F1_female_AA_F1_male_BB"
"NW_019211456.1_3776914","NW_019211456",3776914,"476_477a_grndat",TRUE,"F2","female",476,3,15,3,0.833333333333333,0.833333333333333,"AB",18,"daughter",5,"F1_female_AA_F1_male_BB"
"NW_019211456.1_3776914","NW_019211456",3776914,"476_477c_grndat",TRUE,"F2","female",476,11,16,3,0.589430894308943,0.592592592592593,"AB",27,"daughter",5,"F1_female_AA_F1_male_BB"
"NW_019211456.1_3776914","NW_019211456",3776914,"476_477d_grndat",TRUE,"F2","female",476,18,12,3,0.410351201478743,0.4,"AB",30,"daughter",5,"F1_female_AA_F1_male_BB"
"NW_019211456.1_14054101","NW_019211456",14054101,"110_111d_grndat",FALSE,"F2","female",110,17,0,3,0,0,"AA",18,"daughter",5,"F1_female_AA_F1_male_BB"
"NW_019211456.1_19781406","NW_019211456",19781406,"284_285b_grndat",FALSE,"F2","female",284,35,0,3,0,0,"AA",35,"daughter",5,"F1_female_AA_F1_male_BB"
"NW_019211456.1_28535264","NW_019211456",28535264,"266_267b_grndat",FALSE,"F2","female",266,17,0,3,0,0,"AA",17,"daughter",5,"F1_female_AA_F1_male_BB"
"NW_019211456.1_28535264","NW_019211456",28535264,"266_267a_grndat",FALSE,"F2","female",266,26,0,3,0,0,"AA",26,"daughter",5,"F1_female_AA_F1_male_BB"
"NW_019211456.1_45109465","NW_019211456",45109465,"476_477a_grndat",FALSE,"F2","female",476,0,25,3,1,1,"BB",25,"daughter",5,"F1_female_AA_F1_male_BB"
"NW_019211456.1_45109465","NW_019211456",45109465,"476_477c_grndat",FALSE,"F2","female",476,0,24,3,1,1,"BB",24,"daughter",5,"F1_female_AA_F1_male_BB"
"NW_019211456.1_45109465","NW_019211456",45109465,"476_477d_grndat",FALSE,"F2","female",476,0,20,3,1,1,"BB",20,"daughter",5,"F1_female_AA_F1_male_BB"
"NW_019211456.1_46443144","NW_019211456",46443144,"476_477a_grndat",FALSE,"F2","female",476,0,23,3,1,1,"BB",23,"daughter",5,"F1_female_AA_F1_male_BB"
"NW_019211456.1_46443144","NW_019211456",46443144,"476_477d_grndat",FALSE,"F2","female",476,0,32,3,1,1,"BB",32,"daughter",5,"F1_female_AA_F1_male_BB"
"NW_019211456.1_46651849","NW_019211456",46651849,"476_477a_grndat",FALSE,"F2","female",476,0,18,3,1,1,"BB",18,"daughter",5,"F1_female_AA_F1_male_BB"
"NW_019211456.1_46651849","NW_019211456",46651849,"476_477c_grndat",FALSE,"F2","female",476,0,22,3,1,1,"BB",22,"daughter",5,"F1_female_AA_F1_male_BB"
"NW_019211456.1_46651849","NW_019211456",46651849,"476_477d_grndat",FALSE,"F2","female",476,0,34,3,1,1,"BB",34,"daughter",5,"F1_female_AA_F1_male_BB"
"NW_019211456.1_46763697","NW_019211456",46763697,"498_499c_grndat",TRUE,"F2","female",498,15,17,3,0.527678571428571,0.53125,"AB",32,"daughter",5,"F1_female_AA_F1_male_BB"
"NW_019211456.1_49901698","NW_019211456",49901698,"284_285b_grndat",FALSE,"F2","female",284,1,31,3,0.968430034129693,0.96875,"BB",32,"daughter",5,"F1_female_AA_F1_male_BB"
"NW_019211457.1_2106050","NW_019211457",2106050,"57_58a_grndat",TRUE,"F2","female",57,5,14,4,0.734957020057307,0.736842105263158,"AB",19,"daughter",5,"F1_female_AA_F1_male_BB"
"NW_019211457.1_2397339","NW_019211457",2397339,"57_58a_grndat",TRUE,"F2","female",57,16,8,4,0.333333333333333,0.333333333333333,"AB",24,"daughter",5,"F1_female_AA_F1_male_BB"
"NW_019211457.1_11913995","NW_019211457",11913995,"57_58a_grndat",FALSE,"F2","female",57,17,0,4,0,0,"AA",17,"daughter",5,"F1_female_AA_F1_male_BB"
"NW_019211457.1_20757740","NW_019211457",20757740,"502_503f_grndat",FALSE,"F2","female",502,0,25,4,1,1,"BB",25,"daughter",5,"F1_female_AA_F1_male_BB"
"NW_019211457.1_30116967","NW_019211457",30116967,"110_111d_grndat",FALSE,"F2","female",110,26,0,4,0,0,"AA",26,"daughter",5,"F1_female_AA_F1_male_BB"
"NW_019211457.1_34497399","NW_019211457",34497399,"284_285b_grndat",TRUE,"F2","female",284,15,15,4,0.501355013550135,0.5,"AB",30,"daughter",5,"F1_female_AA_F1_male_BB"
"NW_019211457.1_34528299","NW_019211457",34528299,"426_427a_grndat",FALSE,"F2","female",426,31,0,4,0,0,"AA",31,"daughter",5,"F1_female_AA_F1_male_BB"
"NW_019211457.1_34849335","NW_019211457",34849335,"426_427a_grndat",FALSE,"F2","female",426,29,0,4,0,0,"AA",29,"daughter",5,"F1_female_AA_F1_male_BB"
"NW_019211457.1_49357897","NW_019211457",49357897,"266_267a_grndat",TRUE,"F2","female",266,8,14,4,0.377969762419006,0.538461538461538,"AB",26,"daughter",5,"F1_female_AA_F1_male_BB"
"NW_019211458.1_5064013","NW_019211458",5064013,"110_111d_grndat",FALSE,"F2","female",110,0,5,5,1,0.172413793103448,"BB",29,"daughter",5,"F1_female_AA_F1_male_BB"
"NW_019211458.1_7174894","NW_019211458",7174894,"498_499c_grndat",TRUE,"F2","female",498,8,12,5,0.6,0.6,"AB",20,"daughter",5,"F1_female_AA_F1_male_BB"
"NW_019211458.1_19626291","NW_019211458",19626291,"502_503f_grndat",TRUE,"F2","female",502,14,11,5,0.436946902654867,0.44,"AB",25,"daughter",5,"F1_female_AA_F1_male_BB"
"NW_019211458.1_19924582","NW_019211458",19924582,"502_503f_grndat",TRUE,"F2","female",502,24,11,5,0.326383319967923,0.314285714285714,"AB",35,"daughter",5,"F1_female_AA_F1_male_BB"
"NW_019211459.1_5940469","NW_019211459",5940469,"338_339a_grndat",TRUE,"F2","female",338,21,18,6,0.454085321764281,0.461538461538462,"AB",39,"daughter",5,"F1_female_AA_F1_male_BB"
"NW_019211459.1_6563269","NW_019211459",6563269,"476_477a_grndat",FALSE,"F2","female",476,0,22,6,1,1,"BB",22,"daughter",5,"F1_female_AA_F1_male_BB"
"NW_019211459.1_6563269","NW_019211459",6563269,"476_477c_grndat",FALSE,"F2","female",476,0,30,6,1,0.9375,"BB",32,"daughter",5,"F1_female_AA_F1_male_BB"
"NW_019211459.1_6563269","NW_019211459",6563269,"476_477d_grndat",TRUE,"F2","female",476,7,13,6,0.65,0.65,"AB",20,"daughter",5,"F1_female_AA_F1_male_BB"
"NW_019211459.1_8790462","NW_019211459",8790462,"476_477c_grndat",TRUE,"F2","female",476,11,13,6,0.541666666666667,0.541666666666667,"AB",24,"daughter",5,"F1_female_AA_F1_male_BB"
"NW_019211459.1_9216499","NW_019211459",9216499,"57_58a_grndat",FALSE,"F2","female",57,32,0,6,0,0,"AA",34,"daughter",5,"F1_female_AA_F1_male_BB"
"NW_019211459.1_9247557","NW_019211459",9247557,"57_58a_grndat",FALSE,"F2","female",57,16,0,6,0,0,"AA",16,"daughter",5,"F1_female_AA_F1_male_BB"
"NW_019211459.1_13912314","NW_019211459",13912314,"284_285b_grndat",TRUE,"F2","female",284,6,13,6,0.690100430416069,0.684210526315789,"AB",19,"daughter",5,"F1_female_AA_F1_male_BB"
"NW_019211459.1_14384379","NW_019211459",14384379,"498_499c_grndat",FALSE,"F2","female",498,17,0,6,0,0,"AA",17,"daughter",5,"F1_female_AA_F1_male_BB"
"NW_019211459.1_15000266","NW_019211459",15000266,"338_339a_grndat",FALSE,"F2","female",338,26,0,6,0,0,"AA",26,"daughter",5,"F1_female_AA_F1_male_BB"
"NW_019211459.1_19825995","NW_019211459",19825995,"498_499c_grndat",TRUE,"F2","female",498,7,14,6,0.649526387009472,0.666666666666667,"AB",21,"daughter",5,"F1_female_AA_F1_male_BB"
"NW_019211460.1_7782573","NW_019211460",7782573,"502_503f_grndat",TRUE,"F2","female",502,8,9,7,0.499153976311337,0.529411764705882,"AB",17,"daughter",5,"F1_female_AA_F1_male_BB"
"NW_019211460.1_8049494","NW_019211460",8049494,"426_427a_grndat",FALSE,"F2","female",426,4,1,7,0.0738255033557047,0.0588235294117647,"AA",17,"daughter",5,"F1_female_AA_F1_male_BB"
"NW_019211460.1_18134211","NW_019211460",18134211,"498_499c_grndat",TRUE,"F2","female",498,8,15,7,0.637484586929716,0.652173913043478,"AB",23,"daughter",5,"F1_female_AA_F1_male_BB"
"NW_019211460.1_19261492","NW_019211460",19261492,"498_499c_grndat",TRUE,"F2","female",498,3,13,7,0.804577464788732,0.764705882352941,"AB",17,"daughter",5,"F1_female_AA_F1_male_BB"
"NW_019211460.1_19694754","NW_019211460",19694754,"498_499c_grndat",TRUE,"F2","female",498,11,9,7,0.452445652173913,0.45,"AB",20,"daughter",5,"F1_female_AA_F1_male_BB"
"NW_019211460.1_31998871","NW_019211460",31998871,"426_427a_grndat",FALSE,"F2","female",426,26,0,7,0,0,"AA",26,"daughter",5,"F1_female_AA_F1_male_BB"
"NW_019211460.1_32135578","NW_019211460",32135578,"426_427a_grndat",FALSE,"F2","female",426,31,0,7,0,0,"AA",32,"daughter",5,"F1_female_AA_F1_male_BB"
"NW_019211460.1_36498908","NW_019211460",36498908,"476_477c_grndat",FALSE,"F2","female",476,25,0,7,0,0,"AA",28,"daughter",5,"F1_female_AA_F1_male_BB"
"NW_019211460.1_36498908","NW_019211460",36498908,"476_477d_grndat",FALSE,"F2","female",476,25,0,7,0,0,"AA",25,"daughter",5,"F1_female_AA_F1_male_BB"
"NW_019211460.1_37989486","NW_019211460",37989486,"266_267b_grndat",FALSE,"F2","female",266,18,0,7,0,0,"AA",18,"daughter",5,"F1_female_AA_F1_male_BB"
"NW_019211454.1_6041909","NW_019211454",6041909,"476_477a_grndat",TRUE,"F2","female",476,5,12,1,0.705882352941177,0.666666666666667,"AB",18,"daughter",5,"F1_female_BB_F1_male_AA"
"NW_019211454.1_6041909","NW_019211454",6041909,"476_477c_grndat",FALSE,"F2","female",476,21,0,1,0,0,"AA",21,"daughter",5,"F1_female_BB_F1_male_AA"
"NW_019211454.1_6041909","NW_019211454",6041909,"476_477d_grndat",TRUE,"F2","female",476,15,10,1,0.397336293007769,0.4,"AB",25,"daughter",5,"F1_female_BB_F1_male_AA"
"NW_019211454.1_10838846","NW_019211454",10838846,"266_267b_grndat",FALSE,"F2","female",266,0,29,1,1,1,"BB",29,"daughter",5,"F1_female_BB_F1_male_AA"
"NW_019211454.1_11275795","NW_019211454",11275795,"498_499b_grndat",TRUE,"F2","female",498,14,12,1,0.45859872611465,0.461538461538462,"AB",26,"daughter",5,"F1_female_BB_F1_male_AA"
"NW_019211454.1_11275795","NW_019211454",11275795,"498_499c_grndat",TRUE,"F2","female",498,12,16,1,0.588832487309645,0.571428571428571,"AB",28,"daughter",5,"F1_female_BB_F1_male_AA"
"NW_019211454.1_13791210","NW_019211454",13791210,"266_267b_grndat",FALSE,"F2","female",266,0,36,1,1,1,"BB",36,"daughter",5,"F1_female_BB_F1_male_AA"
"NW_019211454.1_13791210","NW_019211454",13791210,"266_267a_grndat",FALSE,"F2","female",266,0,27,1,1,1,"BB",27,"daughter",5,"F1_female_BB_F1_male_AA"
"NW_019211454.1_16991125","NW_019211454",16991125,"266_267b_grndat",TRUE,"F2","female",266,31,7,1,0.190441176470588,0.179487179487179,"AB",39,"daughter",5,"F1_female_BB_F1_male_AA"
"NW_019211454.1_16991125","NW_019211454",16991125,"266_267a_grndat",TRUE,"F2","female",266,12,8,1,0.397759103641457,0.4,"AB",20,"daughter",5,"F1_female_BB_F1_male_AA"
"NW_019211454.1_33511580","NW_019211454",33511580,"284_285b_grndat",TRUE,"F2","female",284,13,13,1,0.52,0.481481481481481,"AB",27,"daughter",5,"F1_female_BB_F1_male_AA"
"NW_019211454.1_38857390","NW_019211454",38857390,"110_111d_grndat",FALSE,"F2","female",110,0,31,1,1,0.96875,"BB",32,"daughter",5,"F1_female_BB_F1_male_AA"
"NW_019211454.1_38954068","NW_019211454",38954068,"426_427a_grndat",FALSE,"F2","female",426,0,25,1,1,1,"BB",25,"daughter",5,"F1_female_BB_F1_male_AA"
"NW_019211454.1_38975951","NW_019211454",38975951,"284_285b_grndat",FALSE,"F2","female",284,31,0,1,0,0,"AA",31,"daughter",5,"F1_female_BB_F1_male_AA"
"NW_019211454.1_42646363","NW_019211454",42646363,"426_427a_grndat",FALSE,"F2","female",426,0,32,1,1,1,"BB",32,"daughter",5,"F1_female_BB_F1_male_AA"
"NW_019211454.1_57131077","NW_019211454",57131077,"110_111d_grndat",TRUE,"F2","female",110,12,4,1,0.252559726962457,0.222222222222222,"AB",18,"daughter",5,"F1_female_BB_F1_male_AA"
"NW_019211455.1_21865233","NW_019211455",21865233,"498_499c_grndat",TRUE,"F2","female",498,8,13,2,0.619047619047619,0.619047619047619,"AB",21,"daughter",5,"F1_female_BB_F1_male_AA"
"NW_019211455.1_31828951","NW_019211455",31828951,"284_285b_grndat",FALSE,"F2","female",284,0,31,2,1,1,"BB",31,"daughter",5,"F1_female_BB_F1_male_AA"
"NW_019211455.1_45914597","NW_019211455",45914597,"338_339a_grndat",FALSE,"F2","female",338,3,7,2,0.538793103448276,0.35,"BB",20,"daughter",5,"F1_female_BB_F1_male_AA"
"NW_019211455.1_45915043","NW_019211455",45915043,"57_58a_grndat",TRUE,"F2","female",57,17,18,2,0.516205533596838,0.5,"AB",36,"daughter",5,"F1_female_BB_F1_male_AA"
"NW_019211455.1_46134519","NW_019211455",46134519,"284_285b_grndat",TRUE,"F2","female",284,17,17,2,0.502797761790568,0.5,"AB",34,"daughter",5,"F1_female_BB_F1_male_AA"
"NW_019211455.1_53855379","NW_019211455",53855379,"478_479-1b_grndat",TRUE,"F2","female",478,12,5,2,0.296950240770466,0.294117647058824,"AB",17,"daughter",5,"F1_female_BB_F1_male_AA"
"NW_019211456.1_296378","NW_019211456",296378,"426_427a_grndat",FALSE,"F2","female",426,0,33,3,1,1,"BB",33,"daughter",5,"F1_female_BB_F1_male_AA"
"NW_019211456.1_619803","NW_019211456",619803,"426_427a_grndat",FALSE,"F2","female",426,0,19,3,1,1,"BB",19,"daughter",5,"F1_female_BB_F1_male_AA"
"NW_019211456.1_1250577","NW_019211456",1250577,"338_339a_grndat",TRUE,"F2","female",338,13,15,3,0.535714285714286,0.535714285714286,"AB",28,"daughter",5,"F1_female_BB_F1_male_AA"
"NW_019211456.1_1292184","NW_019211456",1292184,"110_111d_grndat",TRUE,"F2","female",110,13,10,3,0.434782608695652,0.434782608695652,"AB",23,"daughter",5,"F1_female_BB_F1_male_AA"
"NW_019211456.1_1408011","NW_019211456",1408011,"476_477c_grndat",TRUE,"F2","female",476,10,15,3,0.596048298572997,0.6,"AB",25,"daughter",5,"F1_female_BB_F1_male_AA"
"NW_019211456.1_1408011","NW_019211456",1408011,"476_477d_grndat",TRUE,"F2","female",476,7,17,3,0.721330275229358,0.62962962962963,"AB",27,"daughter",5,"F1_female_BB_F1_male_AA"
"NW_019211456.1_1408018","NW_019211456",1408018,"476_477c_grndat",TRUE,"F2","female",476,7,12,3,0.613293051359517,0.631578947368421,"AB",19,"daughter",5,"F1_female_BB_F1_male_AA"
"NW_019211456.1_1408018","NW_019211456",1408018,"476_477d_grndat",TRUE,"F2","female",476,8,18,3,0.707006369426752,0.692307692307692,"AB",26,"daughter",5,"F1_female_BB_F1_male_AA"
"NW_019211456.1_1408045","NW_019211456",1408045,"476_477c_grndat",TRUE,"F2","female",476,9,13,3,0.565274151436031,0.590909090909091,"AB",22,"daughter",5,"F1_female_BB_F1_male_AA"
"NW_019211456.1_1408045","NW_019211456",1408045,"476_477d_grndat",TRUE,"F2","female",476,6,19,3,0.767878077373974,0.76,"AB",25,"daughter",5,"F1_female_BB_F1_male_AA"
"NW_019211456.1_1440978","NW_019211456",1440978,"476_477a_grndat",TRUE,"F2","female",476,11,16,3,0.583418628454452,0.592592592592593,"AB",27,"daughter",5,"F1_female_BB_F1_male_AA"
"NW_019211456.1_1440978","NW_019211456",1440978,"476_477c_grndat",TRUE,"F2","female",476,17,7,3,0.291666666666667,0.291666666666667,"AB",24,"daughter",5,"F1_female_BB_F1_male_AA"
"NW_019211456.1_1440978","NW_019211456",1440978,"476_477d_grndat",TRUE,"F2","female",476,6,12,3,0.665605095541401,0.666666666666667,"AB",18,"daughter",5,"F1_female_BB_F1_male_AA"
"NW_019211456.1_23620116","NW_019211456",23620116,"110_111d_grndat",FALSE,"F2","female",110,0,20,3,1,1,"BB",20,"daughter",5,"F1_female_BB_F1_male_AA"
"NW_019211456.1_29153989","NW_019211456",29153989,"476_477a_grndat",TRUE,"F2","female",476,23,15,3,0.401301518438178,0.384615384615385,"AB",39,"daughter",5,"F1_female_BB_F1_male_AA"
"NW_019211456.1_29153989","NW_019211456",29153989,"476_477d_grndat",TRUE,"F2","female",476,18,11,3,0.382011605415861,0.379310344827586,"AB",29,"daughter",5,"F1_female_BB_F1_male_AA"
"NW_019211456.1_44515802","NW_019211456",44515802,"266_267b_grndat",FALSE,"F2","female",266,0,19,3,1,0.95,"BB",20,"daughter",5,"F1_female_BB_F1_male_AA"
"NW_019211456.1_44515802","NW_019211456",44515802,"266_267a_grndat",FALSE,"F2","female",266,0,19,3,1,1,"BB",19,"daughter",5,"F1_female_BB_F1_male_AA"
"NW_019211456.1_45665420","NW_019211456",45665420,"498_499c_grndat",TRUE,"F2","female",498,22,10,3,0.315699658703072,0.3125,"AB",32,"daughter",5,"F1_female_BB_F1_male_AA"
"NW_019211456.1_47748166","NW_019211456",47748166,"476_477a_grndat",FALSE,"F2","female",476,20,0,3,0,0,"AA",21,"daughter",5,"F1_female_BB_F1_male_AA"
"NW_019211456.1_47748166","NW_019211456",47748166,"476_477c_grndat",FALSE,"F2","female",476,29,0,3,0,0,"AA",29,"daughter",5,"F1_female_BB_F1_male_AA"
"NW_019211456.1_47748166","NW_019211456",47748166,"476_477d_grndat",FALSE,"F2","female",476,20,1,3,0.0499325236167341,0.0476190476190476,"AA",21,"daughter",5,"F1_female_BB_F1_male_AA"
"NW_019211456.1_48095093","NW_019211456",48095093,"498_499c_grndat",TRUE,"F2","female",498,18,12,3,0.4,0.4,"AB",30,"daughter",5,"F1_female_BB_F1_male_AA"
"NW_019211456.1_56584409","NW_019211456",56584409,"476_477a_grndat",FALSE,"F2","female",476,3,12,3,0.4688995215311,0.75,"BB",16,"daughter",5,"F1_female_BB_F1_male_AA"
"NW_019211456.1_56584409","NW_019211456",56584409,"476_477c_grndat",FALSE,"F2","female",476,7,20,3,0.400473933649289,0.740740740740741,"BB",27,"daughter",5,"F1_female_BB_F1_male_AA"
"NW_019211456.1_56584409","NW_019211456",56584409,"476_477d_grndat",FALSE,"F2","female",476,4,25,3,0.650118203309693,0.675675675675676,"BB",37,"daughter",5,"F1_female_BB_F1_male_AA"
"NW_019211457.1_2364804","NW_019211457",2364804,"426_427a_grndat",TRUE,"F2","female",426,15,12,4,0.448239060832444,0.444444444444444,"AB",27,"daughter",5,"F1_female_BB_F1_male_AA"
"NW_019211457.1_5704004","NW_019211457",5704004,"476_477a_grndat",TRUE,"F2","female",476,10,9,4,0.275303643724696,0.473684210526316,"AB",19,"daughter",5,"F1_female_BB_F1_male_AA"
"NW_019211457.1_5704004","NW_019211457",5704004,"476_477d_grndat",TRUE,"F2","female",476,6,24,4,0.664596273291925,0.8,"AB",30,"daughter",5,"F1_female_BB_F1_male_AA"
"NW_019211457.1_11324857","NW_019211457",11324857,"476_477a_grndat",FALSE,"F2","female",476,18,0,4,0,0,"AA",18,"daughter",5,"F1_female_BB_F1_male_AA"
"NW_019211457.1_11324857","NW_019211457",11324857,"476_477c_grndat",FALSE,"F2","female",476,26,0,4,0,0,"AA",26,"daughter",5,"F1_female_BB_F1_male_AA"
"NW_019211457.1_11324857","NW_019211457",11324857,"476_477d_grndat",FALSE,"F2","female",476,28,0,4,0,0,"AA",28,"daughter",5,"F1_female_BB_F1_male_AA"
"NW_019211457.1_11393774","NW_019211457",11393774,"476_477a_grndat",FALSE,"F2","female",476,20,0,4,0,0,"AA",20,"daughter",5,"F1_female_BB_F1_male_AA"
"NW_019211457.1_11393774","NW_019211457",11393774,"476_477c_grndat",FALSE,"F2","female",476,22,0,4,0,0,"AA",22,"daughter",5,"F1_female_BB_F1_male_AA"
"NW_019211457.1_11558276","NW_019211457",11558276,"476_477c_grndat",FALSE,"F2","female",476,16,0,4,0,0,"AA",16,"daughter",5,"F1_female_BB_F1_male_AA"
"NW_019211457.1_11558276","NW_019211457",11558276,"476_477d_grndat",FALSE,"F2","female",476,24,0,4,0,0,"AA",24,"daughter",5,"F1_female_BB_F1_male_AA"
"NW_019211457.1_19466369","NW_019211457",19466369,"322_323a_grndat",FALSE,"F2","female",322,13,5,4,0.289968652037618,0.161290322580645,"AA",31,"daughter",5,"F1_female_BB_F1_male_AA"
"NW_019211457.1_19466369","NW_019211457",19466369,"240_241a_grndat",FALSE,"F2","female",240,4,10,4,0.715415019762846,0.285714285714286,"BB",35,"daughter",5,"F1_female_BB_F1_male_AA"
"NW_019211457.1_19466369","NW_019211457",19466369,"502_503a_grndat",FALSE,"F2","female",502,1,11,4,0.916666666666667,0.5,"BB",22,"daughter",5,"F1_female_BB_F1_male_AA"
"NW_019211457.1_19466369","NW_019211457",19466369,"502_503f_grndat",FALSE,"F2","female",502,4,11,4,0.733333333333333,0.354838709677419,"BB",31,"daughter",5,"F1_female_BB_F1_male_AA"
"NW_019211457.1_23302887","NW_019211457",23302887,"240_241b_grndat",TRUE,"F2","female",240,5,4,4,0.219827586206897,0.222222222222222,"AB",18,"daughter",5,"F1_female_BB_F1_male_AA"
"NW_019211457.1_23302887","NW_019211457",23302887,"240_241a_grndat",FALSE,"F2","female",240,16,5,4,0.0878594249201278,0.192307692307692,"AA",26,"daughter",5,"F1_female_BB_F1_male_AA"
"NW_019211457.1_33359436","NW_019211457",33359436,"57_58a_grndat",FALSE,"F2","female",57,0,18,4,1,1,"BB",18,"daughter",5,"F1_female_BB_F1_male_AA"
"NW_019211457.1_34840334","NW_019211457",34840334,"284_285b_grndat",TRUE,"F2","female",284,4,14,4,0.773700305810398,0.777777777777778,"AB",18,"daughter",5,"F1_female_BB_F1_male_AA"
"NW_019211457.1_39057226","NW_019211457",39057226,"498_499c_grndat",FALSE,"F2","female",498,0,20,4,1,1,"BB",20,"daughter",5,"F1_female_BB_F1_male_AA"
"NW_019211458.1_3067878","NW_019211458",3067878,"498_499b_grndat",FALSE,"F2","female",498,0,20,5,1,0.952380952380952,"BB",21,"daughter",5,"F1_female_BB_F1_male_AA"
"NW_019211458.1_5063750","NW_019211458",5063750,"502_503a_grndat",FALSE,"F2","female",502,1,6,5,0.656862745098039,0.315789473684211,"BB",19,"daughter",5,"F1_female_BB_F1_male_AA"
"NW_019211458.1_5547623","NW_019211458",5547623,"498_499b_grndat",FALSE,"F2","female",498,0,26,5,1,1,"BB",26,"daughter",5,"F1_female_BB_F1_male_AA"
"NW_019211458.1_5547623","NW_019211458",5547623,"498_499c_grndat",FALSE,"F2","female",498,0,38,5,1,1,"BB",38,"daughter",5,"F1_female_BB_F1_male_AA"
"NW_019211458.1_22264928","NW_019211458",22264928,"338_339a_grndat",TRUE,"F2","female",338,3,5,5,0.59622641509434,0.217391304347826,"AB",23,"daughter",5,"F1_female_BB_F1_male_AA"
"NW_019211458.1_27149318","NW_019211458",27149318,"478_479-1b_grndat",TRUE,"F2","female",478,13,10,5,0.41978287092883,0.434782608695652,"AB",23,"daughter",5,"F1_female_BB_F1_male_AA"
"NW_019211458.1_27182494","NW_019211458",27182494,"110_111d_grndat",FALSE,"F2","female",110,0,24,5,1,0.96,"BB",25,"daughter",5,"F1_female_BB_F1_male_AA"
"NW_019211458.1_32876276","NW_019211458",32876276,"498_499c_grndat",FALSE,"F2","female",498,0,19,5,1,1,"BB",19,"daughter",5,"F1_female_BB_F1_male_AA"
"NW_019211458.1_33262748","NW_019211458",33262748,"498_499c_grndat",FALSE,"F2","female",498,0,21,5,1,1,"BB",21,"daughter",5,"F1_female_BB_F1_male_AA"
"NW_019211459.1_5022473","NW_019211459",5022473,"284_285b_grndat",TRUE,"F2","female",284,10,16,6,0.615384615384615,0.615384615384615,"AB",26,"daughter",5,"F1_female_BB_F1_male_AA"
"NW_019211459.1_7907595","NW_019211459",7907595,"338_339a_grndat",TRUE,"F2","female",338,17,10,6,0.373360242179617,0.357142857142857,"AB",28,"daughter",5,"F1_female_BB_F1_male_AA"
"NW_019211459.1_11069914","NW_019211459",11069914,"284_285b_grndat",TRUE,"F2","female",284,6,17,6,0.747030878859858,0.739130434782609,"AB",23,"daughter",5,"F1_female_BB_F1_male_AA"
"NW_019211459.1_11756973","NW_019211459",11756973,"284_285b_grndat",TRUE,"F2","female",284,13,18,6,0.585751978891821,0.580645161290323,"AB",31,"daughter",5,"F1_female_BB_F1_male_AA"
"NW_019211459.1_13208603","NW_019211459",13208603,"57_58a_grndat",TRUE,"F2","female",57,8,7,6,0.471766848816029,0.411764705882353,"AB",17,"daughter",5,"F1_female_BB_F1_male_AA"
"NW_019211459.1_24185823","NW_019211459",24185823,"476_477a_grndat",TRUE,"F2","female",476,12,11,6,0.481656804733728,0.478260869565217,"AB",23,"daughter",5,"F1_female_BB_F1_male_AA"
"NW_019211459.1_24185823","NW_019211459",24185823,"476_477c_grndat",TRUE,"F2","female",476,16,11,6,0.391572456320658,0.407407407407407,"AB",27,"daughter",5,"F1_female_BB_F1_male_AA"
"NW_019211459.1_24185823","NW_019211459",24185823,"476_477d_grndat",FALSE,"F2","female",476,27,0,6,0,0,"AA",27,"daughter",5,"F1_female_BB_F1_male_AA"
"NW_019211459.1_30629846","NW_019211459",30629846,"110_111d_grndat",FALSE,"F2","female",110,11,6,6,0.362153344208809,0.2,"AA",30,"daughter",5,"F1_female_BB_F1_male_AA"
"NW_019211459.1_30629846","NW_019211459",30629846,"498_499b_grndat",TRUE,"F2","female",498,6,11,6,0.643333333333333,0.44,"AB",25,"daughter",5,"F1_female_BB_F1_male_AA"
"NW_019211459.1_30629846","NW_019211459",30629846,"498_499c_grndat",FALSE,"F2","female",498,13,5,6,0.266347687400319,0.238095238095238,"AA",21,"daughter",5,"F1_female_BB_F1_male_AA"
"NW_019211459.1_30629934","NW_019211459",30629934,"46_47c_grndat",TRUE,"F2","female",46,7,9,6,0.527985074626866,0.5625,"AB",16,"daughter",5,"F1_female_BB_F1_male_AA"
"NW_019211460.1_18096259","NW_019211460",18096259,"284_285b_grndat",FALSE,"F2","female",284,0,16,7,1,1,"BB",16,"daughter",5,"F1_female_BB_F1_male_AA"
"NW_019211460.1_18179369","NW_019211460",18179369,"43_44a_grndat",FALSE,"F2","female",43,0,27,7,1,1,"BB",27,"daughter",5,"F1_female_BB_F1_male_AA"
"NW_019211460.1_24224031","NW_019211460",24224031,"57_58a_grndat",TRUE,"F2","female",57,18,8,7,0.307692307692308,0.307692307692308,"AB",26,"daughter",5,"F1_female_BB_F1_male_AA"
"NW_019211460.1_38862382","NW_019211460",38862382,"266_267b_grndat",FALSE,"F2","female",266,0,24,7,1,0.96,"BB",25,"daughter",5,"F1_female_BB_F1_male_AA"
