"generation","model","heterozygosity_loss","effective_ne","panel"
2,"Haplo-diploidy",-0.25,2,"a"
3,"Haplo-diploidy",-0.160416666666667,3.11688311688311,"a"
4,"Haplo-diploidy",-0.169715609491315,2.94610496641198,"a"
5,"Haplo-diploidy",-0.127322204804755,3.92704478191165,"a"
6,"Haplo-diploidy",-0.0825638280243728,6.05592075808792,"a"
7,"Haplo-diploidy",-0.0555084330460029,9.00764032711249,"a"
8,"Haplo-diploidy",-0.0493085129321699,10.1402368529713,"a"
9,"Haplo-diploidy",-0.0565004686018953,8.84948412592861,"a"
10,"Haplo-diploidy",-0.0574785463437871,8.69889779413402,"a"
11,"Haplo-diploidy",-0.0585769710996263,8.53577763776163,"a"
12,"Haplo-diploidy",-0.0588001197309622,8.50338404560623,"a"
13,"Haplo-diploidy",-0.0590208897168,8.47157679931886,"a"
14,"Haplo-diploidy",-0.0590604725124229,8.46589908156982,"a"
15,"Haplo-diploidy",-0.0591069947552719,8.45923569740286,"a"
16,"Haplo-diploidy",-0.059113415658971,8.45831685457886,"a"
17,"Haplo-diploidy",-0.0591233662595985,8.45689330009735,"a"
18,"Haplo-diploidy",-0.0591242809251595,8.45676247010781,"a"
19,"Haplo-diploidy",-0.0591264338468738,8.45645454104174,"a"
20,"Haplo-diploidy",-0.0591265266879084,8.45644126263638,"a"
21,"Haplo-diploidy",-0.0591269978680834,8.45637387366658,"a"
22,"Haplo-diploidy",-0.0591269944560826,8.45637436165273,"a"
23,"Haplo-diploidy",-0.0591270987832589,8.45635944075051,"a"
24,"Haplo-diploidy",-0.0591270927294687,8.45636030656386,"a"
25,"Haplo-diploidy",-0.0591271160984261,8.45635696433551,"a"
26,"Haplo-diploidy",-0.0591271135731514,8.45635732550019,"a"
27,"Haplo-diploidy",-0.0591271188671197,8.45635656835712,"a"
28,"Haplo-diploidy",-0.0591271180399883,8.45635668665341,"a"
29,"Haplo-diploidy",-0.0591271192522325,8.45635651327832,"a"
30,"Haplo-diploidy",-0.0591271190078164,8.45635654823469,"a"
31,"Haplo-diploidy",-0.059127119288198,8.45635650813453,"a"
32,"Haplo-diploidy",-0.0591271192199271,8.45635651789863,"a"
33,"Haplo-diploidy",-0.0591271192853734,8.45635650853851,"a"
34,"Haplo-diploidy",-0.0591271192669576,8.45635651117234,"a"
35,"Haplo-diploidy",-0.0591271192823598,8.45635650896951,"a"
36,"Haplo-diploidy",-0.0591271192775068,8.45635650966359,"a"
37,"Haplo-diploidy",-0.059127119281158,8.45635650914139,"a"
38,"Haplo-diploidy",-0.0591271192798997,8.45635650932136,"a"
39,"Haplo-diploidy",-0.0591271192807706,8.45635650919679,"a"
40,"Haplo-diploidy",-0.0591271192804481,8.45635650924292,"a"
41,"Haplo-diploidy",-0.0591271192806574,8.45635650921299,"a"
42,"Haplo-diploidy",-0.0591271192805752,8.45635650922474,"a"
43,"Haplo-diploidy",-0.0591271192806259,8.4563565092175,"a"
44,"Haplo-diploidy",-0.059127119280605,8.45635650922048,"a"
45,"Haplo-diploidy",-0.0591271192806174,8.45635650921871,"a"
46,"Haplo-diploidy",-0.0591271192806121,8.45635650921947,"a"
47,"Haplo-diploidy",-0.059127119280615,8.45635650921906,"a"
48,"Haplo-diploidy",-0.0591271192806136,8.45635650921925,"a"
49,"Haplo-diploidy",-0.0591271192806143,8.45635650921915,"a"
50,"Haplo-diploidy",-0.0591271192806141,8.45635650921918,"a"
2,"Diploid arrhenotoky",-0.25,2,"a"
3,"Diploid arrhenotoky",-0.15625,3.2,"a"
4,"Diploid arrhenotoky",-0.16212650462963,3.08401147080933,"a"
5,"Diploid arrhenotoky",-0.114242669746564,4.37664841962463,"a"
6,"Diploid arrhenotoky",-0.0710455483045187,7.03773863292429,"a"
7,"Diploid arrhenotoky",-0.046606844616543,10.7280379977178,"a"
8,"Diploid arrhenotoky",-0.0450442921490527,11.1001855317315,"a"
9,"Diploid arrhenotoky",-0.0539367090280715,9.27012435519145,"a"
10,"Diploid arrhenotoky",-0.0559393578620525,8.9382506183394,"a"
11,"Diploid arrhenotoky",-0.0573106134531954,8.72438750648414,"a"
12,"Diploid arrhenotoky",-0.0577341582768762,8.66038433611772,"a"
13,"Diploid arrhenotoky",-0.0580010854960101,8.62052831811906,"a"
14,"Diploid arrhenotoky",-0.0580805850770818,8.60872870575294,"a"
15,"Diploid arrhenotoky",-0.0581345785543544,8.60073320274459,"a"
16,"Diploid arrhenotoky",-0.0581490709399374,8.59858965788901,"a"
17,"Diploid arrhenotoky",-0.058160128904729,8.59695481107067,"a"
18,"Diploid arrhenotoky",-0.0581626985937469,8.59657498859166,"a"
19,"Diploid arrhenotoky",-0.058164986784735,8.59623680222724,"a"
20,"Diploid arrhenotoky",-0.058165424036138,8.59617218107705,"a"
21,"Diploid arrhenotoky",-0.0581659028405825,8.59610141993959,"a"
22,"Diploid arrhenotoky",-0.0581659722399126,8.59609116370804,"a"
23,"Diploid arrhenotoky",-0.0581660736661187,8.59607617440484,"a"
24,"Diploid arrhenotoky",-0.0581660832591937,8.596074756692,"a"
25,"Diploid arrhenotoky",-0.0581661050301274,8.59607153927571,"a"
26,"Diploid arrhenotoky",-0.0581661059228651,8.59607140734257,"a"
27,"Diploid arrhenotoky",-0.0581661106611625,8.59607070709388,"a"
28,"Diploid arrhenotoky",-0.0581661105926088,8.59607071722508,"a"
29,"Diploid arrhenotoky",-0.0581661116385624,8.59607056264896,"a"
30,"Diploid arrhenotoky",-0.0581661115650101,8.59607057351889,"a"
31,"Diploid arrhenotoky",-0.0581661117991644,8.59607053891443,"a"
32,"Diploid arrhenotoky",-0.0581661117698974,8.59607054323965,"a"
33,"Diploid arrhenotoky",-0.0581661118230322,8.59607053538713,"a"
34,"Diploid arrhenotoky",-0.0581661118136251,8.59607053677736,"a"
35,"Diploid arrhenotoky",-0.0581661118258371,8.59607053497261,"a"
36,"Diploid arrhenotoky",-0.0581661118230854,8.59607053537927,"a"
37,"Diploid arrhenotoky",-0.0581661118259251,8.5960705349596,"a"
38,"Diploid arrhenotoky",-0.0581661118251612,8.5960705350725,"a"
39,"Diploid arrhenotoky",-0.0581661118258284,8.59607053497389,"a"
40,"Diploid arrhenotoky",-0.0581661118256231,8.59607053500423,"a"
41,"Diploid arrhenotoky",-0.0581661118257812,8.59607053498086,"a"
42,"Diploid arrhenotoky",-0.0581661118257273,8.59607053498884,"a"
43,"Diploid arrhenotoky",-0.0581661118257653,8.59607053498322,"a"
44,"Diploid arrhenotoky",-0.0581661118257512,8.59607053498531,"a"
45,"Diploid arrhenotoky",-0.0581661118257604,8.59607053498395,"a"
46,"Diploid arrhenotoky",-0.0581661118257568,8.59607053498447,"a"
47,"Diploid arrhenotoky",-0.0581661118257588,8.59607053498418,"a"
48,"Diploid arrhenotoky",-0.0581661118257579,8.59607053498431,"a"
49,"Diploid arrhenotoky",-0.0581661118257585,8.59607053498423,"a"
50,"Diploid arrhenotoky",-0.0581661118257584,8.59607053498424,"a"
2,"Haplo-diploidy",-0.25,2,"b"
3,"Haplo-diploidy",-0.166041666666667,3.01129234629861,"b"
4,"Haplo-diploidy",-0.196820116806926,2.54039072891356,"b"
5,"Haplo-diploidy",-0.178972580438397,2.79372403736505,"b"
6,"Haplo-diploidy",-0.170274037346599,2.93644297035273,"b"
7,"Haplo-diploidy",-0.14400051348335,3.47220984081986,"b"
8,"Haplo-diploidy",-0.107355935415432,4.65740434439106,"b"
9,"Haplo-diploidy",-0.0657279366160717,7.60711541761286,"b"
10,"Haplo-diploidy",-0.0399598201787517,12.5125688194631,"b"
11,"Haplo-diploidy",-0.0372438800279409,13.4250244503229,"b"
12,"Haplo-diploidy",-0.0452739746371039,11.0438724235674,"b"
13,"Haplo-diploidy",-0.0512635887944584,9.75351144463867,"b"
14,"Haplo-diploidy",-0.0537673993819627,9.29931530532113,"b"
15,"Haplo-diploidy",-0.0549090376918894,9.10596909029158,"b"
16,"Haplo-diploidy",-0.0554039578059319,9.02462603396299,"b"
17,"Haplo-diploidy",-0.0556297470162433,8.98799701271345,"b"
18,"Haplo-diploidy",-0.0557276798656406,8.97220198661597,"b"
19,"Haplo-diploidy",-0.0557726210129644,8.96497225554048,"b"
20,"Haplo-diploidy",-0.0557920019124281,8.96185802375056,"b"
21,"Haplo-diploidy",-0.0558009625015444,8.96041891725723,"b"
22,"Haplo-diploidy",-0.0558047953524299,8.95980348717879,"b"
23,"Haplo-diploidy",-0.0558065839632736,8.95951632389917,"b"
24,"Haplo-diploidy",-0.0558073411289467,8.95939476573012,"b"
25,"Haplo-diploidy",-0.0558076985834148,8.95933737981792,"b"
26,"Haplo-diploidy",-0.0558078479415495,8.95931340200892,"b"
27,"Haplo-diploidy",-0.055807919483656,8.95930191675449,"b"
28,"Haplo-diploidy",-0.0558079488912636,8.95929719571313,"b"
29,"Haplo-diploidy",-0.0558079632357493,8.9592948928785,"b"
30,"Haplo-diploidy",-0.0558079690121829,8.95929396554191,"b"
31,"Haplo-diploidy",-0.0558079718946846,8.95929350279118,"b"
32,"Haplo-diploidy",-0.0558079730258825,8.95929332119107,"b"
33,"Haplo-diploidy",-0.0558079736066877,8.95929322794984,"b"
34,"Haplo-diploidy",-0.0558079738273425,8.95929319252638,"b"
35,"Haplo-diploidy",-0.0558079739447573,8.95929317367685,"b"
36,"Haplo-diploidy",-0.0558079739875798,8.95929316680223,"b"
37,"Haplo-diploidy",-0.0558079740114114,8.95929316297636,"b"
38,"Haplo-diploidy",-0.0558079740196663,8.95929316165113,"b"
39,"Haplo-diploidy",-0.0558079740245266,8.95929316087086,"b"
40,"Haplo-diploidy",-0.0558079740261037,8.95929316061768,"b"
41,"Haplo-diploidy",-0.0558079740271007,8.95929316045762,"b"
42,"Haplo-diploidy",-0.0558079740273985,8.95929316040982,"b"
43,"Haplo-diploidy",-0.0558079740276043,8.95929316037678,"b"
44,"Haplo-diploidy",-0.0558079740276595,8.95929316036792,"b"
45,"Haplo-diploidy",-0.0558079740277024,8.95929316036102,"b"
46,"Haplo-diploidy",-0.0558079740277123,8.95929316035944,"b"
47,"Haplo-diploidy",-0.0558079740277212,8.95929316035801,"b"
48,"Haplo-diploidy",-0.0558079740277231,8.95929316035771,"b"
49,"Haplo-diploidy",-0.0558079740277247,8.95929316035744,"b"
50,"Haplo-diploidy",-0.0558079740277252,8.95929316035737,"b"
2,"Diploid arrhenotoky",-0.25,2,"b"
3,"Diploid arrhenotoky",-0.165625,3.0188679245283,"b"
4,"Diploid arrhenotoky",-0.195951659562266,2.55164973400553,"b"
5,"Diploid arrhenotoky",-0.176831387551525,2.82755231932063,"b"
6,"Diploid arrhenotoky",-0.167077016917124,2.99263183665781,"b"
7,"Diploid arrhenotoky",-0.138990428478838,3.59737001657007,"b"
8,"Diploid arrhenotoky",-0.101817054507435,4.91076865677242,"b"
9,"Diploid arrhenotoky",-0.0604419989244643,8.27239351605265,"b"
10,"Diploid arrhenotoky",-0.0365802385695571,13.6685822605901,"b"
11,"Diploid arrhenotoky",-0.0354275953126076,14.1132920704348,"b"
12,"Diploid arrhenotoky",-0.0444650606617251,11.2447839395481,"b"
13,"Diploid arrhenotoky",-0.050843545799511,9.8340898955322,"b"
14,"Diploid arrhenotoky",-0.0535396558028625,9.33887214069964,"b"
15,"Diploid arrhenotoky",-0.0547512964627164,9.13220384362006,"b"
16,"Diploid arrhenotoky",-0.0552835690328319,9.04427859393555,"b"
17,"Diploid arrhenotoky",-0.0555223917298204,9.00537574881623,"b"
18,"Diploid arrhenotoky",-0.0556277281221069,8.98832321360426,"b"
19,"Diploid arrhenotoky",-0.0556750892896828,8.98067711034018,"b"
20,"Diploid arrhenotoky",-0.055695951211438,8.97731323596315,"b"
21,"Diploid arrhenotoky",-0.0557053553075497,8.97579769915291,"b"
22,"Diploid arrhenotoky",-0.0557094868355144,8.97513203588251,"b"
23,"Diploid arrhenotoky",-0.0557113550729232,8.97483106173824,"b"
24,"Diploid arrhenotoky",-0.0557121730244384,8.97469929562203,"b"
25,"Diploid arrhenotoky",-0.0557125443374313,8.97463948104174,"b"
26,"Diploid arrhenotoky",-0.0557127061985191,8.9746134071888,"b"
27,"Diploid arrhenotoky",-0.0557127800355756,8.97460151298721,"b"
28,"Diploid arrhenotoky",-0.0557128120464108,8.97459635646253,"b"
29,"Diploid arrhenotoky",-0.0557128267386556,8.97459398973704,"b"
30,"Diploid arrhenotoky",-0.0557128330645454,8.9745929707206,"b"
31,"Diploid arrhenotoky",-0.055712835990382,8.97459249940745,"b"
32,"Diploid arrhenotoky",-0.055712837239285,8.97459229822589,"b"
33,"Diploid arrhenotoky",-0.0557128378225223,8.97459220427417,"b"
34,"Diploid arrhenotoky",-0.0557128380687897,8.9745921646038,"b"
35,"Diploid arrhenotoky",-0.0557128381851967,8.97459214585219,"b"
36,"Diploid arrhenotoky",-0.0557128382336823,8.9745921380418,"b"
37,"Diploid arrhenotoky",-0.0557128382569513,8.97459213429348,"b"
38,"Diploid arrhenotoky",-0.0557128382664783,8.9745921327588,"b"
39,"Diploid arrhenotoky",-0.0557128382711387,8.97459213200808,"b"
40,"Diploid arrhenotoky",-0.0557128382730059,8.9745921317073,"b"
41,"Diploid arrhenotoky",-0.0557128382739416,8.97459213155657,"b"
42,"Diploid arrhenotoky",-0.0557128382743064,8.97459213149781,"b"
43,"Diploid arrhenotoky",-0.0557128382744948,8.97459213146746,"b"
44,"Diploid arrhenotoky",-0.0557128382745657,8.97459213145603,"b"
45,"Diploid arrhenotoky",-0.0557128382746036,8.97459213144993,"b"
46,"Diploid arrhenotoky",-0.0557128382746175,8.97459213144769,"b"
47,"Diploid arrhenotoky",-0.055712838274625,8.97459213144648,"b"
48,"Diploid arrhenotoky",-0.0557128382746278,8.97459213144603,"b"
49,"Diploid arrhenotoky",-0.0557128382746294,8.97459213144578,"b"
50,"Diploid arrhenotoky",-0.0557128382746297,8.97459213144573,"b"
