"site","Chrom","pos","Sample","het","generation","sex","family","ref","alt","chrom","QAF","VAF","GT","DP","member","member_num"
"NW_019211454.1_6041909","NW_019211454",6041909,"476_477a_grndat",TRUE,"F2","female",476,5,12,"1",0.705882352941177,0.666666666666667,"AB",18,"daughter",5
"NW_019211454.1_6041909","NW_019211454",6041909,"476_477c_grndat",FALSE,"F2","female",476,21,0,"1",0,0,"AA",21,"daughter",5
"NW_019211454.1_6041909","NW_019211454",6041909,"476_477d_grndat",TRUE,"F2","female",476,15,10,"1",0.397336293007769,0.4,"AB",25,"daughter",5
"NW_019211454.1_10838846","NW_019211454",10838846,"266_267b_grndat",FALSE,"F2","female",266,0,29,"1",1,1,"BB",29,"daughter",5
"NW_019211454.1_11275795","NW_019211454",11275795,"498_499b_grndat",TRUE,"F2","female",498,14,12,"1",0.45859872611465,0.461538461538462,"AB",26,"daughter",5
"NW_019211454.1_11275795","NW_019211454",11275795,"498_499c_grndat",TRUE,"F2","female",498,12,16,"1",0.588832487309645,0.571428571428571,"AB",28,"daughter",5
"NW_019211454.1_13791210","NW_019211454",13791210,"266_267b_grndat",FALSE,"F2","female",266,0,36,"1",1,1,"BB",36,"daughter",5
"NW_019211454.1_13791210","NW_019211454",13791210,"266_267a_grndat",FALSE,"F2","female",266,0,27,"1",1,1,"BB",27,"daughter",5
"NW_019211454.1_16991125","NW_019211454",16991125,"266_267b_grndat",TRUE,"F2","female",266,31,7,"1",0.190441176470588,0.179487179487179,"AB",39,"daughter",5
"NW_019211454.1_16991125","NW_019211454",16991125,"266_267a_grndat",TRUE,"F2","female",266,12,8,"1",0.397759103641457,0.4,"AB",20,"daughter",5
"NW_019211454.1_33511580","NW_019211454",33511580,"284_285b_grndat",TRUE,"F2","female",284,13,13,"1",0.52,0.481481481481481,"AB",27,"daughter",5
"NW_019211454.1_38857390","NW_019211454",38857390,"110_111d_grndat",FALSE,"F2","female",110,0,31,"1",1,0.96875,"BB",32,"daughter",5
"NW_019211454.1_38954068","NW_019211454",38954068,"426_427a_grndat",FALSE,"F2","female",426,0,25,"1",1,1,"BB",25,"daughter",5
"NW_019211454.1_38975951","NW_019211454",38975951,"284_285b_grndat",FALSE,"F2","female",284,31,0,"1",0,0,"AA",31,"daughter",5
"NW_019211454.1_42646363","NW_019211454",42646363,"426_427a_grndat",FALSE,"F2","female",426,0,32,"1",1,1,"BB",32,"daughter",5
"NW_019211454.1_57131077","NW_019211454",57131077,"110_111d_grndat",TRUE,"F2","female",110,12,4,"1",0.252559726962457,0.222222222222222,"AB",18,"daughter",5
