"family","site","chrom","pos","Sample","QAF","VAF","GT","member","member_num"
478,"NW_019211454.1_129695","NW_019211454",129695,"478_478_fnd",0,0,"AA","grandmother",1
478,"NW_019211454.1_129695","NW_019211454",129695,"478_478a_son",0,0,"AA","father",2
478,"NW_019211454.1_129695","NW_019211454",129695,"478_479-1a_grnson",0.456164383561644,0.45,"AB","son",4
478,"NW_019211454.1_129695","NW_019211454",129695,"478_479-1b_grndat",1,1,"BB","daughter",5
478,"NW_019211454.1_129695","NW_019211454",129695,"478_479-1_dat",0.469816272965879,0.476190476190476,"AB","mother",3
478,"NW_019211454.1_216122","NW_019211454",216122,"478_478_fnd",0,0,"AA","grandmother",1
478,"NW_019211454.1_216122","NW_019211454",216122,"478_478a_son",0,0,"AA","father",2
478,"NW_019211454.1_216122","NW_019211454",216122,"478_479-1a_grnson",0.426151761517615,0.425,"AB","son",4
478,"NW_019211454.1_216122","NW_019211454",216122,"478_479-1b_grndat",0.522370012091898,0.521739130434783,"AB","daughter",5
478,"NW_019211454.1_216122","NW_019211454",216122,"478_479-1_dat",0.495454545454545,0.5,"AB","mother",3
478,"NW_019211454.1_450264","NW_019211454",450264,"478_478_fnd",0,0,"AA","grandmother",1
478,"NW_019211454.1_450264","NW_019211454",450264,"478_478a_son",0,0,"AA","father",2
478,"NW_019211454.1_450264","NW_019211454",450264,"478_479-1a_grnson",0.546835443037975,0.545454545454545,"AB","son",4
478,"NW_019211454.1_450264","NW_019211454",450264,"478_479-1b_grndat",0.553448275862069,0.5625,"AB","daughter",5
478,"NW_019211454.1_450264","NW_019211454",450264,"478_479-1_dat",0.513513513513513,0.513513513513513,"AB","mother",3
478,"NW_019211454.1_592182","NW_019211454",592182,"478_478_fnd",0,0,"AA","grandmother",1
478,"NW_019211454.1_592182","NW_019211454",592182,"478_478a_son",0,0,"AA","father",2
478,"NW_019211454.1_592182","NW_019211454",592182,"478_479-1a_grnson",0.490767045454545,0.487179487179487,"AB","son",4
478,"NW_019211454.1_592182","NW_019211454",592182,"478_479-1b_grndat",0.525839793281654,0.523809523809524,"AB","daughter",5
478,"NW_019211454.1_592182","NW_019211454",592182,"478_479-1_dat",0.581428571428571,0.5,"AB","mother",3
478,"NW_019211454.1_7537649","NW_019211454",7537649,"478_478_fnd",0,0,"AA","grandmother",1
478,"NW_019211454.1_7537649","NW_019211454",7537649,"478_478a_son",0,0,"AA","father",2
478,"NW_019211454.1_7537649","NW_019211454",7537649,"478_479-1a_grnson",0.420454545454545,0.413793103448276,"AB","son",4
478,"NW_019211454.1_7537649","NW_019211454",7537649,"478_479-1b_grndat",0.543733092876465,0.53125,"AB","daughter",5
478,"NW_019211454.1_7537649","NW_019211454",7537649,"478_479-1_dat",0.4785568413887,0.475,"AB","mother",3
478,"NW_019211454.1_9725425","NW_019211454",9725425,"478_478_fnd",0,0,"AA","grandmother",1
478,"NW_019211454.1_9725425","NW_019211454",9725425,"478_478a_son",0,0,"AA","father",2
478,"NW_019211454.1_9725425","NW_019211454",9725425,"478_479-1a_grnson",0.464435146443515,0.444444444444444,"AB","son",4
478,"NW_019211454.1_9725425","NW_019211454",9725425,"478_479-1b_grndat",0,0,"AA","daughter",5
478,"NW_019211454.1_9725425","NW_019211454",9725425,"478_479-1_dat",0.494089834515366,0.444444444444444,"AB","mother",3
478,"NW_019211454.1_11882020","NW_019211454",11882020,"478_478_fnd",0,0,"AA","grandmother",1
478,"NW_019211454.1_11882020","NW_019211454",11882020,"478_478a_son",0,0,"AA","father",2
478,"NW_019211454.1_11882020","NW_019211454",11882020,"478_479-1a_grnson",0.561416184971098,0.552631578947368,"AB","son",4
478,"NW_019211454.1_11882020","NW_019211454",11882020,"478_479-1b_grndat",0.526222222222222,0.516129032258065,"AB","daughter",5
478,"NW_019211454.1_11882020","NW_019211454",11882020,"478_479-1_dat",0.413594470046083,0.416666666666667,"AB","mother",3
478,"NW_019211454.1_17032014","NW_019211454",17032014,"478_478_fnd",0,0,"AA","grandmother",1
478,"NW_019211454.1_17032014","NW_019211454",17032014,"478_478a_son",0,0,"AA","father",2
478,"NW_019211454.1_17032014","NW_019211454",17032014,"478_479-1a_grnson",0.465408805031447,0.451612903225806,"AB","son",4
478,"NW_019211454.1_17032014","NW_019211454",17032014,"478_479-1b_grndat",0,0,"AA","daughter",5
478,"NW_019211454.1_17032014","NW_019211454",17032014,"478_479-1_dat",0.573301549463647,0.541666666666667,"AB","mother",3
478,"NW_019211454.1_17082985","NW_019211454",17082985,"478_478_fnd",0,0,"AA","grandmother",1
478,"NW_019211454.1_17082985","NW_019211454",17082985,"478_478a_son",0,0,"AA","father",2
478,"NW_019211454.1_17082985","NW_019211454",17082985,"478_479-1a_grnson",0.43026706231454,0.432432432432432,"AB","son",4
478,"NW_019211454.1_17082985","NW_019211454",17082985,"478_479-1b_grndat",0,0,"AA","daughter",5
478,"NW_019211454.1_17082985","NW_019211454",17082985,"478_479-1_dat",0.552631578947368,0.552631578947368,"AB","mother",3
478,"NW_019211454.1_21975537","NW_019211454",21975537,"478_478_fnd",0,0,"AA","grandmother",1
478,"NW_019211454.1_21975537","NW_019211454",21975537,"478_478a_son",0,0,"AA","father",2
478,"NW_019211454.1_21975537","NW_019211454",21975537,"478_479-1a_grnson",0.407749077490775,0.4375,"AB","son",4
478,"NW_019211454.1_21975537","NW_019211454",21975537,"478_479-1b_grndat",0.548760330578512,0.526315789473684,"AB","daughter",5
478,"NW_019211454.1_21975537","NW_019211454",21975537,"478_479-1_dat",0.419587628865979,0.407407407407407,"AB","mother",3
478,"NW_019211454.1_25883919","NW_019211454",25883919,"478_478_fnd",0,0,"AA","grandmother",1
478,"NW_019211454.1_25883919","NW_019211454",25883919,"478_478a_son",0,0,"AA","father",2
478,"NW_019211454.1_25883919","NW_019211454",25883919,"478_479-1a_grnson",0.529983792544571,0.529411764705882,"AB","son",4
478,"NW_019211454.1_25883919","NW_019211454",25883919,"478_479-1b_grndat",0,0,"AA","daughter",5
478,"NW_019211454.1_25883919","NW_019211454",25883919,"478_479-1_dat",0.558823529411765,0.558823529411765,"AB","mother",3
478,"NW_019211454.1_25967168","NW_019211454",25967168,"478_478_fnd",0,0,"AA","grandmother",1
478,"NW_019211454.1_25967168","NW_019211454",25967168,"478_478a_son",0,0,"AA","father",2
478,"NW_019211454.1_25967168","NW_019211454",25967168,"478_479-1a_grnson",0.529832935560859,0.521739130434783,"AB","son",4
478,"NW_019211454.1_25967168","NW_019211454",25967168,"478_479-1b_grndat",0,0,"AA","daughter",5
478,"NW_019211454.1_25967168","NW_019211454",25967168,"478_479-1_dat",0.430431244914565,0.428571428571429,"AB","mother",3
478,"NW_019211454.1_25994561","NW_019211454",25994561,"478_478_fnd",0,0,"AA","grandmother",1
478,"NW_019211454.1_25994561","NW_019211454",25994561,"478_478a_son",0,0,"AA","father",2
478,"NW_019211454.1_25994561","NW_019211454",25994561,"478_479-1a_grnson",0.440290758047767,0.428571428571429,"AB","son",4
478,"NW_019211454.1_25994561","NW_019211454",25994561,"478_479-1b_grndat",0,0,"AA","daughter",5
478,"NW_019211454.1_25994561","NW_019211454",25994561,"478_479-1_dat",0.449848024316109,0.432432432432432,"AB","mother",3
478,"NW_019211454.1_26042139","NW_019211454",26042139,"478_478_fnd",0,0,"AA","grandmother",1
478,"NW_019211454.1_26042139","NW_019211454",26042139,"478_478a_son",0,0,"AA","father",2
478,"NW_019211454.1_26042139","NW_019211454",26042139,"478_479-1a_grnson",0.563025210084034,0.565217391304348,"AB","son",4
478,"NW_019211454.1_26042139","NW_019211454",26042139,"478_479-1b_grndat",0,0,"AA","daughter",5
478,"NW_019211454.1_26042139","NW_019211454",26042139,"478_479-1_dat",0.463529411764706,0.472222222222222,"AB","mother",3
478,"NW_019211454.1_26062086","NW_019211454",26062086,"478_478_fnd",0,0,"AA","grandmother",1
478,"NW_019211454.1_26062086","NW_019211454",26062086,"478_478a_son",0,0,"AA","father",2
478,"NW_019211454.1_26062086","NW_019211454",26062086,"478_479-1a_grnson",0.425219941348974,0.421052631578947,"AB","son",4
478,"NW_019211454.1_26062086","NW_019211454",26062086,"478_479-1b_grndat",0,0,"AA","daughter",5
478,"NW_019211454.1_26062086","NW_019211454",26062086,"478_479-1_dat",0.576719576719577,0.571428571428571,"AB","mother",3
478,"NW_019211454.1_34610872","NW_019211454",34610872,"478_478_fnd",0,0,"AA","grandmother",1
478,"NW_019211454.1_34610872","NW_019211454",34610872,"478_478a_son",0,0,"AA","father",2
478,"NW_019211454.1_34610872","NW_019211454",34610872,"478_479-1a_grnson",0.479136690647482,0.473684210526316,"AB","son",4
478,"NW_019211454.1_34610872","NW_019211454",34610872,"478_479-1b_grndat",0.480519480519481,0.444444444444444,"AB","daughter",5
478,"NW_019211454.1_34610872","NW_019211454",34610872,"478_479-1_dat",0.593294460641399,0.578947368421053,"AB","mother",3
478,"NW_019211454.1_35667847","NW_019211454",35667847,"478_478_fnd",0,0,"AA","grandmother",1
478,"NW_019211454.1_35667847","NW_019211454",35667847,"478_478a_son",0,0,"AA","father",2
478,"NW_019211454.1_35667847","NW_019211454",35667847,"478_479-1a_grnson",0.410977242302544,0.409090909090909,"AB","son",4
478,"NW_019211454.1_35667847","NW_019211454",35667847,"478_479-1b_grndat",0.590909090909091,0.590909090909091,"AB","daughter",5
478,"NW_019211454.1_35667847","NW_019211454",35667847,"478_479-1_dat",0.407407407407407,0.407407407407407,"AB","mother",3
478,"NW_019211454.1_37012360","NW_019211454",37012360,"478_478_fnd",0,0,"AA","grandmother",1
478,"NW_019211454.1_37012360","NW_019211454",37012360,"478_478a_son",0,0,"AA","father",2
478,"NW_019211454.1_37012360","NW_019211454",37012360,"478_479-1a_grnson",0.472222222222222,0.472222222222222,"AB","son",4
478,"NW_019211454.1_37012360","NW_019211454",37012360,"478_479-1b_grndat",0.421052631578947,0.421052631578947,"AB","daughter",5
478,"NW_019211454.1_37012360","NW_019211454",37012360,"478_479-1_dat",0.474916387959866,0.470588235294118,"AB","mother",3
478,"NW_019211454.1_48658514","NW_019211454",48658514,"478_478_fnd",0,0,"AA","grandmother",1
478,"NW_019211454.1_48658514","NW_019211454",48658514,"478_478a_son",0,0,"AA","father",2
478,"NW_019211454.1_48658514","NW_019211454",48658514,"478_479-1a_grnson",0.561950439648281,0.558823529411765,"AB","son",4
478,"NW_019211454.1_48658514","NW_019211454",48658514,"478_479-1b_grndat",0,0,"AA","daughter",5
478,"NW_019211454.1_48658514","NW_019211454",48658514,"478_479-1_dat",0.56517094017094,0.576923076923077,"AB","mother",3
478,"NW_019211454.1_48976177","NW_019211454",48976177,"478_478_fnd",0,0,"AA","grandmother",1
478,"NW_019211454.1_48976177","NW_019211454",48976177,"478_478a_son",0,0,"AA","father",2
478,"NW_019211454.1_48976177","NW_019211454",48976177,"478_479-1a_grnson",0.511409395973154,0.523809523809524,"AB","son",4
478,"NW_019211454.1_48976177","NW_019211454",48976177,"478_479-1b_grndat",0,0,"AA","daughter",5
478,"NW_019211454.1_48976177","NW_019211454",48976177,"478_479-1_dat",0.490979381443299,0.5,"AB","mother",3
478,"NW_019211454.1_48987817","NW_019211454",48987817,"478_478_fnd",0,0,"AA","grandmother",1
478,"NW_019211454.1_48987817","NW_019211454",48987817,"478_478a_son",0,0,"AA","father",2
478,"NW_019211454.1_48987817","NW_019211454",48987817,"478_479-1a_grnson",0.503138075313807,0.481481481481481,"AB","son",4
478,"NW_019211454.1_48987817","NW_019211454",48987817,"478_479-1b_grndat",0,0,"AA","daughter",5
478,"NW_019211454.1_48987817","NW_019211454",48987817,"478_479-1_dat",0.499527856468366,0.5,"AB","mother",3
478,"NW_019211454.1_49023338","NW_019211454",49023338,"478_478_fnd",0,0,"AA","grandmother",1
478,"NW_019211454.1_49023338","NW_019211454",49023338,"478_478a_son",0,0,"AA","father",2
478,"NW_019211454.1_49023338","NW_019211454",49023338,"478_479-1a_grnson",0.591282894736842,0.588235294117647,"AB","son",4
478,"NW_019211454.1_49023338","NW_019211454",49023338,"478_479-1b_grndat",0,0,"AA","daughter",5
478,"NW_019211454.1_49023338","NW_019211454",49023338,"478_479-1_dat",0.505755395683453,0.5,"AB","mother",3
478,"NW_019211454.1_56825152","NW_019211454",56825152,"478_478_fnd",0,0,"AA","grandmother",1
478,"NW_019211454.1_56825152","NW_019211454",56825152,"478_478a_son",0,0,"AA","father",2
478,"NW_019211454.1_56825152","NW_019211454",56825152,"478_479-1a_grnson",0.560029828486204,0.552631578947368,"AB","son",4
478,"NW_019211454.1_56825152","NW_019211454",56825152,"478_479-1b_grndat",0,0,"AA","daughter",5
478,"NW_019211454.1_56825152","NW_019211454",56825152,"478_479-1_dat",0.567393058918483,0.527777777777778,"AB","mother",3
478,"NW_019211454.1_57311435","NW_019211454",57311435,"478_478_fnd",0,0,"AA","grandmother",1
478,"NW_019211454.1_57311435","NW_019211454",57311435,"478_478a_son",0,0,"AA","father",2
478,"NW_019211454.1_57311435","NW_019211454",57311435,"478_479-1a_grnson",0.512941176470588,0.473684210526316,"AB","son",4
478,"NW_019211454.1_57311435","NW_019211454",57311435,"478_479-1b_grndat",0,0,"AA","daughter",5
478,"NW_019211454.1_57311435","NW_019211454",57311435,"478_479-1_dat",0.41008018327606,0.416666666666667,"AB","mother",3
478,"NW_019211454.1_60082784","NW_019211454",60082784,"478_478_fnd",0,0,"AA","grandmother",1
478,"NW_019211454.1_60082784","NW_019211454",60082784,"478_478a_son",0,0,"AA","father",2
478,"NW_019211454.1_60082784","NW_019211454",60082784,"478_479-1a_grnson",0.576773187840998,0.571428571428571,"AB","son",4
478,"NW_019211454.1_60082784","NW_019211454",60082784,"478_479-1b_grndat",0,0,"AA","daughter",5
478,"NW_019211454.1_60082784","NW_019211454",60082784,"478_479-1_dat",0.549086757990868,0.52,"AB","mother",3
478,"NW_019211454.1_60242652","NW_019211454",60242652,"478_478_fnd",0,0,"AA","grandmother",1
478,"NW_019211454.1_60242652","NW_019211454",60242652,"478_478a_son",0,0,"AA","father",2
478,"NW_019211454.1_60242652","NW_019211454",60242652,"478_479-1a_grnson",0.561822125813449,0.56,"AB","son",4
478,"NW_019211454.1_60242652","NW_019211454",60242652,"478_479-1b_grndat",0,0,"AA","daughter",5
478,"NW_019211454.1_60242652","NW_019211454",60242652,"478_479-1_dat",0.488324873096447,0.481481481481481,"AB","mother",3
478,"NW_019211454.1_60302269","NW_019211454",60302269,"478_478_fnd",0,0,"AA","grandmother",1
478,"NW_019211454.1_60302269","NW_019211454",60302269,"478_478a_son",0,0,"AA","father",2
478,"NW_019211454.1_60302269","NW_019211454",60302269,"478_479-1a_grnson",0.51271186440678,0.515151515151515,"AB","son",4
478,"NW_019211454.1_60302269","NW_019211454",60302269,"478_479-1b_grndat",0,0,"AA","daughter",5
478,"NW_019211454.1_60302269","NW_019211454",60302269,"478_479-1_dat",0.437417654808959,0.434782608695652,"AB","mother",3
478,"NW_019211454.1_76036769","NW_019211454",76036769,"478_478_fnd",0.0260014054813774,0.0256410256410256,"AA","grandmother",1
478,"NW_019211454.1_76036769","NW_019211454",76036769,"478_478a_son",0,0,"AA","father",2
478,"NW_019211454.1_76036769","NW_019211454",76036769,"478_479-1a_grnson",0.441431670281996,0.423076923076923,"AB","son",4
478,"NW_019211454.1_76036769","NW_019211454",76036769,"478_479-1b_grndat",0.571428571428571,0.571428571428571,"AB","daughter",5
478,"NW_019211454.1_76036769","NW_019211454",76036769,"478_479-1_dat",0.476702508960573,0.487179487179487,"AB","mother",3
478,"NW_019211454.1_76323854","NW_019211454",76323854,"478_478_fnd",0,0,"AA","grandmother",1
478,"NW_019211454.1_76323854","NW_019211454",76323854,"478_478a_son",0,0,"AA","father",2
478,"NW_019211454.1_76323854","NW_019211454",76323854,"478_479-1a_grnson",0.53125,0.53125,"AB","son",4
478,"NW_019211454.1_76323854","NW_019211454",76323854,"478_479-1b_grndat",0.415,0.434782608695652,"AB","daughter",5
478,"NW_019211454.1_76323854","NW_019211454",76323854,"478_479-1_dat",0.525252525252525,0.526315789473684,"AB","mother",3
478,"NW_019211454.1_76539709","NW_019211454",76539709,"478_478_fnd",0,0,"AA","grandmother",1
478,"NW_019211454.1_76539709","NW_019211454",76539709,"478_478a_son",0,0,"AA","father",2
478,"NW_019211454.1_76539709","NW_019211454",76539709,"478_479-1a_grnson",0.530085959885387,0.5,"AB","son",4
478,"NW_019211454.1_76539709","NW_019211454",76539709,"478_479-1b_grndat",0.492201039861352,0.5,"AB","daughter",5
478,"NW_019211454.1_76539709","NW_019211454",76539709,"478_479-1_dat",0.442410373760488,0.432432432432432,"AB","mother",3
