site,240_240_fnd,240_240a_son,240_241_dat,240_241a_grndat,240_241c_grnson,240_241b_grndat,240_241d_grn,240_241e_grn,,,,
,F0_fem,F1_male,F1_fem,F2_fem1,F2_male,F2_fem2,F2_fem3,F2_fem4,,,,
NW_019211454.1_3940698,1/1,1/1,1/1,1/1,0/1,0/1,0/1,1/1,,,,
NW_019211454.1_12088578,1/1,1/1,1/1,1/1,1/1,1/1,1/1,1/1,,,,
NW_019211454.1_23576048,0/0,0/0,0/0,0/0,0/0,0/0,0/0,0/0,,,,
NW_019211454.1_26048957,1/1,1/1,1/1,1/1,1/1,1/1,1/1,1/1,,,,
NW_019211454.1_34573258,1/1,1/1,1/1,1/1,1/1,1/1,1/1,1/1,,,,
NW_019211454.1_36881402,0/0,0/0,0/0,0/0,0/0,0/0,0/0,0/0,,,,
NW_019211454.1_37071702,0/0,0/0,0/0,0/0,0/0,0/0,0/0,0/0,,,,
NW_019211454.1_56822320,0/0,0/0,0/0,0/0,0/0,0/0,0/0,0/0,,,,
NW_019211454.1_56986878,0/0,0/0,0/0,0/0,0/0,0/0,0/0,0/0,,,,
NW_019211454.1_59981004,0/0,0/0,0/1,0/1,0/1,0/0,0/0,0/0,,,,
NW_019211454.1_61064207,1/1,1/1,1/1,1/1,1/1,1/1,1/1,1/1,,,,